"Player","League","Team","Position","Age","Market value","Contract expires","Matches played","Minutes played","Goals","xG","Assists","xA","Birth country","Foot","Height","On loan","Successful defensive actions per 90","Defensive duels per 90","Defensive duels won, %","Aerial duels per 90","Aerial duels won, %","Shots blocked per 90","PAdj Interceptions","Non-penalty goals per 90","xG per 90","Head goals per 90","Shots","Shots per 90","Shots on target, %","Goal conversion, %","Crosses per 90","Accurate crosses, %","Dribbles per 90","Successful dribbles, %","Offensive duels per 90","Offensive duels won, %","Touches in box per 90","Progressive runs per 90","Accelerations per 90","Passes per 90","Accurate passes, %","Forward passes per 90","Accurate forward passes, %","Long passes per 90","Accurate long passes, %","xA per 90","Smart passes per 90","Key passes per 90","Passes to final third per 90","Accurate passes to final third, %","Passes to penalty area per 90","Accurate passes to penalty area, %","Deep completions per 90","Progressive passes per 90","Accurate progressive passes, %","Conceded goals per 90","Shots against per 90","Save rate, %","xG against per 90","Prevented goals","Prevented goals per 90","Exits per 90"
"N. Olij","Netherlands 1.","Sparta Rotterdam","GK","30","4000000","2029-06-30","34","3396","0","0","1","0.61","Netherlands","right","185","no","1.25","0.05","0","0.64","95.83","0","1.48","0","0","0","0","0","0","0","0","0","0","0","0.05","100","0","0","0","32.04","88.83","16.88","80.85","11.87","72.1","0.02","0","0.05","3.79","59.44","0.34","15.38","0.08","9.7","83.88","1.14","4.19","72.78","1.18","1.61","0.043","1.83"
"F. de Keijzer","Netherlands 1.","Heracles","GK","25","500000","2027-06-30","34","3353","0","0","0","0.53","Netherlands","right","193","no","1.07","0.16","33.33","0.32","91.67","0","1.22","0","0","0","0","0","0","0","0","0","0","0","0.05","50","0","0","0","23.7","80.41","15.57","72.24","12.8","65.62","0.01","0","0.03","4.7","60.57","0.21","25","0.05","10.01","77.75","1.69","5.15","67.19","1.53","-5.99","-0.161","0.94"
"T. Didillon-Hödl","Netherlands 1.","Willem II","GK","30","500000","2026-06-30","34","3353","0","0","0","0","France","left","193","no","1.07","0.08","33.33","0.38","100","0","1.13","0","0","0","0","0","0","0","0","0","0","0","0.03","100","0","0","0","20.43","82.26","12.96","73.29","10.25","68.32","0","0","0","1.99","55.41","0.03","0","0","8.88","73.11","1.5","5.07","70.37","1.64","4.98","0.134","1.37"
"N. Bakker","Netherlands 1.","Almere City","GK","28","800000","2027-06-30","34","3306","0","0.15","0","0","Netherlands","right","196","no","2.56","0.08","66.67","0.38","85.71","0","2.77","0","0","0","1","0.03","0","0","0","0","0","0","0.03","0","0.03","0","0","22.24","75.64","16.8","68.4","14.43","64.72","0","0","0","6.32","57.33","0.41","26.67","0.05","10.92","82.04","1.74","5.12","65.96","1.36","-13.96","-0.38","2.26"
"R. Roefs","Netherlands 1.","NEC","GK","23","600000","2030-06-30","33","3277","0","0","0","0","Netherlands","left","192","no","1.9","0.08","33.33","0.36","92.31","0","2.27","0","0","0","0","0","0","0","0","0","0","0","0.16","83.33","0","0.03","0","26.48","82.68","16.37","73.83","11.53","62.86","0","0","0","3.49","52.76","0.36","15.38","0.05","8.6","75.08","1.24","4.56","72.89","1.19","-1.74","-0.048","1.62"
"W. Benítez","Netherlands 1.","PSV","GK","33","13000000","","34","3242","0","0","0","0","Argentina","right","191","no","1.22","0.03","0","0.14","100","0","2.16","0","0","0","0","0","0","0","0","0","0","0","0.08","66.67","0","0","0","29.26","92.79","14.66","86.93","7.08","74.51","0","0","0","1.17","64.29","0.14","20","0.03","5.75","76.81","1.08","2.89","62.5","0.95","-4.66","-0.129","0.69"
"D. Bielica","Netherlands 1.","NAC Breda","GK","26","800000","2027-06-30","32","3147","0","0","0","0","Poland","right","191","no","1.14","0.06","0","0.29","100","0","1.28","0","0","0","0","0","0","0","0","0","0","0","0","0","0","0","0","20.68","87.55","9.44","75.76","7.64","69.29","0","0","0","1.49","46.15","0.03","0","0","5.06","76.27","1.49","4.98","70.11","1.62","4.74","0.136","1.12"
"E. Vaessen","Netherlands 1.","Groningen","GK","30","1500000","2027-06-30","32","3130","0","0","0","0","Netherlands","right","187","no","2.07","0.23","75","0.49","82.35","0","2.2","0","0","0","0","0","0","0","0","0","0.12","50","0.32","54.55","0","0","0.03","26.34","78.38","18.95","71.93","13.86","63.9","0","0","0","4.51","57.32","0.26","22.22","0.06","11.21","75.13","1.44","4.11","65.03","1.36","-2.57","-0.074","1.52"
"V. Barkas","Netherlands 1.","Utrecht","GK","31","3000000","2028-06-30","31","3051","0","0","0","0","Netherlands","left","195","no","1.18","0.09","100","0.38","100","0","1.29","0","0","0","0","0","0","0","0","0","0.03","100","0.09","66.67","0","0","0","22.57","86.27","11.15","73.81","8.32","65.25","0","0","0","1.8","45.9","0.06","0","0","6.43","74.31","1.3","4.22","69.23","1.23","-2.3","-0.068","1.15"
"R. Owusu-Oduro","Netherlands 1.","AZ","GK","21","0","2030-06-30","30","2943","0","0","0","0","Netherlands","right","189","no","1.53","0.03","100","0.37","100","0","1.86","0","0","0","0","0","0","0","0","0","0.03","100","0.09","33.33","0","0","0","20.03","83.05","10.4","68.53","8.41","61.45","0","0","0","2.54","50.6","0.21","0","0","6.18","74.26","1.13","2.78","59.34","1.02","-3.48","-0.106","1.28"
"J. Schendelaar","Netherlands 1.","PEC Zwolle","GK","25","1300000","2027-06-30","30","2937","0","0","2","0","Netherlands","right","187","no","2.11","0.06","100","0.58","78.95","0","2.5","0","0","0","0","0","0","0","0","0","0.03","100","0.15","100","0","0","0","26.51","78.73","15.47","67.33","11.64","56.32","0","0","0.06","2.57","41.67","0.21","0","0","8.89","62.76","1.38","4.54","69.59","1.34","-1.33","-0.041","1.35"
"L. Unnerstall","Netherlands 1.","Twente","GK","35","3500000","2027-06-30","30","2931","0","0","0","0","Germany","right","198","no","1.23","0.03","100","0.28","88.89","0","1.57","0","0","0","0","0","0","0","0","0","0.03","100","0.06","100","0","0","0","22.94","87.28","12.77","79.33","7.95","67.57","0","0","0","1.72","53.57","0.06","0","0","6.76","74.55","1.17","3.13","62.75","0.96","-6.79","-0.208","1.04"
"T. Wellenreuther","Netherlands 1.","Feyenoord","GK","30","7000000","2027-06-30","29","2847","0","0","1","0","Germany","right","188","no","1.74","0.03","0","0.28","88.89","0","2.48","0","0","0","0","0","0","0","0","0","0","0","0.25","75","0","0","0","32.66","87.12","14.95","74.21","9.64","60.66","0","0","0.03","2.09","50","0.19","0","0","7.24","70.74","0.89","3.13","71.72","0.97","2.56","0.081","0.98"
"M. Branderhorst","Netherlands 1.","Fortuna Sittard","GK","32","600000","2029-06-30","28","2726","0","0","0","0","Netherlands","right","192","no","1.88","0.07","100","0.63","100","0","2.15","0","0","0","0","0","0","0","0","0","0","0","0.07","100","0","0","0","15.85","70.42","12.05","61.92","9.51","53.82","0","0","0","3.86","41.03","0.43","7.69","0.03","6.7","75.37","1.29","4.46","71.11","1.34","1.67","0.055","2.18"
"R. Pasveer","Netherlands 1.","Ajax","GK","42","150000","2026-06-30","24","2345","0","0","0","0","Netherlands","right","187","no","0.96","0.04","0","0.31","75","0","1.28","0","0","0","0","0","0","0","0","0","0.04","100","0.15","50","0","0.04","0","32.7","87.79","19.15","80.16","11.51","69.33","0","0","0","2.61","63.24","0.08","50","0.04","9.44","77.64","0.88","3.49","74.73","0.85","-0.79","-0.03","1.11"
"J. Houwen","Netherlands 1.","RKC Waalwijk","GK","30","250000","","24","2331","0","0","0","0","Netherlands","right","188","no","1.51","0.04","100","0.31","75","0","1.52","0","0","0","0","0","0","0","0","0","0","0","0.04","0","0","0","0","24.25","80.89","15.37","70.6","12.36","64.38","0","0","0","3.51","54.95","0.15","0","0","10.12","74.43","1.85","5.44","65.96","1.74","-2.94","-0.114","0.93"
"M. van der Hart","Netherlands 1.","Heerenveen","GK","31","500000","","20","1943","0","0","0","0","Netherlands","left","188","no","1.95","0.05","0","0.05","100","0","2.7","0","0","0","0","0","0","0","0","0","0","0","0.05","100","0","0","0","35.11","86.02","19.08","77.91","11.58","64","0","0","0","3.01","41.54","0.51","18.18","0.05","9.45","72.06","1.71","4.96","65.42","1.62","-2.02","-0.094","0.46"
"L. Plogmann","Netherlands 1.","Go Ahead Eagles","GK","25","500000","2026-06-30","18","1772","0","0","0","0","Germany","left","188","no","0.81","0","0","0.61","91.67","0","1.02","0","0","0","0","0","0","0","0","0","0","0","0.05","100","0","0","0","28.85","88.2","15.64","80.19","8.69","66.67","0","0","0","2.64","55.77","0","0","0","7.06","73.38","1.63","4.47","63.64","1.42","-3.98","-0.202","1.47"
"J. De Busser","Netherlands 1.","Go Ahead Eagles","GK","26","500000","2027-06-30","16","1565","0","0","0","0","Belgium","right","190","no","1.38","0.12","100","0.46","100","0","1.63","0","0","0","0","0","0","0","0","0","0","0","0.06","100","0","0","0","33.24","83.39","17.65","70.36","10.29","51.96","0","0","0","2.01","48.57","0.23","0","0.06","8.17","54.23","1.32","5.29","75","1.32","-0.02","-0.001","1.32"
"A. Noppert","Netherlands 1.","Heerenveen","GK","31","1500000","2027-06-30","16","1461","0","0","0","0","Netherlands","left","203","no","1.85","0.12","50","0.31","80","0","2.14","0","0","0","0","0","0","0","0","0","0","0","0","0","0","0","0","29.26","84.84","15.4","75.6","10.6","62.79","0","0","0","1.91","41.94","0.06","0","0","8.38","72.06","1.48","4.07","63.64","1.19","-4.75","-0.293","1.36"
"Matheus","Netherlands 1.","Ajax","GK","33","6000000","2027-06-30","9","870","0","0","0","0","Brazil","right","190","no","1.24","0.1","100","0.1","100","0","1.3","0","0","0","0","0","0","0","0","0","0.1","100","0.1","100","0","0","0","31.66","89.22","16.03","80.65","10.03","70.1","0","0","0","1.34","69.23","0","0","0","8.48","71.95","0.93","2.69","65.38","0.86","-0.7","-0.072","1.66"
"J. Zoet","Netherlands 1.","AZ","GK","35","400000","2027-06-30","6","586","0","0","0","0","Netherlands","right","189","no","1.38","0.15","100","0.31","100","0","1.61","0","0","0","0","0","0","0","0","0","0","0","0","0","0","0","0","22.42","80.82","13.82","70","11.83","63.64","0","0","0","2.92","63.16","0.15","0","0","9.68","73.02","0.46","2.15","78.57","0.33","-0.85","-0.131","0.77"
"L. Koopmans","Netherlands 1.","Fortuna Sittard","GK","32","225000","2027-06-30","6","582","0","0","0","0","Netherlands","right","190","no","1.7","0.15","100","0.15","100","0","1.91","0","0","0","0","0","0","0","0","0","0","0","0","0","0","0","0","15.15","64.29","11.75","56.58","10.98","52.11","0","0","0","4.48","55.17","0.62","0","0","7.73","68","2.32","5.41","57.14","1.93","-2.5","-0.387","0.77"
"P. Tytoń","Netherlands 1.","Twente","GK","39","100000","2026-06-30","5","520","0","0","0","0","Poland","right","195","no","1.9","0","0","0.35","50","0","2.28","0","0","0","0","0","0","0","0","0","0","0","0.17","100","0","0","0","24.06","89.93","12.12","82.86","8.48","71.43","0","0","0","1.21","42.86","0.17","0","0","6.92","80","2.6","5.71","54.55","1.82","-4.46","-0.772","1.56"
"Nacho Miras","Belgium 2.","Deinze","GK","28","400000","2029-06-30","34","3337","0","0","0","0","Spain","right","187","no","1.56","0.11","75","0.49","88.89","0","1.81","0","0","0","0","0","0","0","0","0","0","0","0.08","100","0","0","0","17.99","87.26","9.71","80.28","6.47","70.83","0","0","0","2","77.03","0.08","33.33","0.03","5.47","77.34","1.11","4.4","74.85","1.16","2.08","0.056","1.62"
"K. Debaty","Belgium 2.","Liège","GK","36","150000","2026-06-30","30","2946","0","0","0","0","Belgium","right","189","no","1.53","0.03","100","0.46","80","0.03","1.78","0","0","0","0","0","0","0","0","0","0.03","100","0.03","100","0","0","0","16.53","88.91","8.52","81.36","6.26","74.63","0","0","0","1.65","77.78","0","0","0","5.19","78.82","1.25","4.34","71.13","1.26","0.27","0.008","1.01"
"J. De Busser","Belgium 2.","Lommel SK","GK","26","500000","2027-06-30","30","2907","0","0","1","0.01","Belgium","right","190","no","1.61","0.12","25","0.5","93.75","0","2.21","0","0","0","0","0","0","0","0","0","0.03","100","0.12","75","0","0","0","31.11","85.67","18.39","77.61","11.61","65.6","0","0","0.03","3.16","55.88","0.4","7.69","0.03","8.76","73.5","0.96","3.78","74.59","1.11","4.87","0.151","1.24"
"D. Matijaš","Belgium 2.","Beerschot VA","GK","26","800000","2028-06-30","30","2860","0","0","0","0","Croatia","right","188","no","2.52","0.09","66.67","0.47","80","0","4","0","0","0","0","0","0","0","0","0","0.09","100","0.28","88.89","0","0.03","0","23","86.87","10.86","75.36","4.72","52","0","0","0","1.13","36.11","0.09","0","0","3.9","57.26","0.91","3.37","72.9","1.09","5.69","0.179","1.32"
"L. Bossin","Belgium 2.","Oostende","GK","29","400000","2027-06-30","29","2850","0","0","0","0","Belgium","right","190","no","1.14","0.06","0","0.66","95.24","0","1.34","0","0","0","0","0","0","0","0","0","0","0","0.06","100","0","0.06","0","15.35","88.07","8.49","80.67","6.76","75.7","0","0","0","0.85","62.96","0.03","100","0.06","5.65","76.54","1.2","4.74","74.67","1.47","8.48","0.268","1.58"
"B. Reus","Belgium 2.","SK Beveren","GK","24","0","2026-06-30","30","2839","0","0","0","0","Netherlands","left","198","no","1.33","0.22","42.86","0.25","87.5","0","1.66","0","0","0","0","0","0","0","0","0","0","0","0.06","100","0","0","0","26.72","85.29","14.23","74.61","10.84","66.37","0","0","0","2.03","50","0.1","0","0","8.59","73.8","1.24","4.06","69.53","1.34","3.42","0.108","0.95"
"X. Gies","Belgium 2.","Dender","GK","29","500000","2027-06-30","29","2817","0","0","0","0.17","Belgium","right","182","no","1.47","0.13","50","0.32","90","0","1.79","0","0","0","0","0","0","0","0","0","0","0","0.03","100","0","0.03","0","14.95","81.84","10.26","74.45","7.22","64.6","0.01","0","0","1.34","42.86","0.06","0","0","5.4","78.11","1.02","3.42","70.09","1.06","1.1","0.035","1.21"
"J. Teunckens","Belgium 2.","Lierse Kempenzonen","GK","28","300000","2026-06-30","28","2740","0","0","0","0","Belgium","left","186","no","2.36","0.46","57.14","0.49","86.67","0","2.63","0","0","0","0","0","0","0","0","0","0","0","0.13","25","0","0","0","21.84","85.11","12.45","77.04","9.43","69.69","0","0","0","0.92","50","0.07","0","0","7.32","73.99","1.77","5.91","70","1.81","1.13","0.037","1.68"
"A. Saussez","Belgium 2.","Francs Borains","GK","34","0","2026-06-30","28","2563","0","0","0","0","Belgium","right","183","no","1.62","0.11","33.33","0.49","85.71","0","1.79","0","0","0","0","0","0","0","0","0","0","0","0.14","100","0","0","0","24.93","80","15.42","69.48","12.01","60.82","0","0","0","2.81","46.25","0.21","16.67","0.04","8.43","75.42","1.62","5.23","69.13","1.48","-3.96","-0.139","1.4"
"M. Penders","Belgium 2.","Genk II","GK","20","0","2032-06-30","25","2456","0","0.13","0","0.44","Belgium","left","200","yes","1.87","0.07","100","0.81","95.45","0","2.29","0","0","0","1","0.04","0","0","0","0","0","0","0.26","100","0.04","0","0","28.73","90.82","12.39","81.95","7.84","68.69","0.02","0","0.04","1.17","50","0.07","50","0.04","5.64","72.73","1.54","5.06","69.57","1.53","-0.14","-0.005","2.49"
"M. Epolo","Belgium 2.","Standard Liège II","GK","21","800000","2029-06-30","25","2449","0","0","0","0","Belgium","right","188","no","1.51","0.11","66.67","0.81","90.91","0","1.73","0","0","0","0","0","0","0","0","0","0.04","0","0.18","80","0","0","0","21.65","82.51","12.61","72.01","7.2","54.59","0","0","0","1.18","40.63","0.15","0","0","5.4","55.1","1.73","7.02","75.39","2.31","15.93","0.585","1.98"
"N. Shinton","Belgium 2.","Club Brugge II","GK","24","400000","2027-06-30","21","2037","0","0","0","0","Belgium","left","194","no","1.72","0.18","75","0.62","78.57","0","2.11","0","0","0","0","0","0","0","0","0","0.13","66.67","0.18","50","0","0","0","36.14","87.65","17.45","78.73","12.59","70.88","0","0","0","1.28","44.83","0.04","0","0","9.28","69.05","1.59","5.17","69.23","1.75","3.57","0.158","1.37"
"J. Belin","Belgium 2.","Patro Eisden","GK","30","250000","2026-06-30","17","1655","0","0","0","0","Belgium","left","185","no","2.18","0.11","0","0.38","100","0","2.34","0","0","0","0","0","0","0","0","0","0","0","0.05","100","0","0","0","15.23","85.71","10.06","78.92","8.7","76.25","0","0","0","1.85","73.53","0.11","0","0","7.5","83.33","0.98","3.1","68.42","1.04","1.13","0.061","1.41"
"O. De Wolf","Belgium 2.","Zulte-Waregem","GK","28","300000","2027-06-30","16","1552","0","0","0","0.31","Belgium","left","190","no","0.75","0.17","0","0.46","100","0","0.99","0","0","0","0","0","0","0","0","0","0","0","0.06","100","0.06","0","0","15.72","89.3","9.1","84.08","6.2","75.7","0.02","0","0","1.1","42.11","0.06","0","0.06","4.7","85.19","1.04","3.94","73.53","1.06","0.36","0.021","1.22"
"L. Margueron","Belgium 2.","RFC Seraing","GK","25","150000","2028-06-30","15","1468","0","0.18","0","0","France","right","194","no","1.66","0.25","50","0.55","88.89","0","1.9","0","0.01","0","1","0.06","100","0","0","0","0","0","0.12","100","0.06","0","0","21.52","86.61","13.12","79.91","10.05","73.17","0","0","0","1.66","59.26","0.06","0","0","7.54","84.55","2.02","5.33","62.07","1.89","-2.16","-0.132","1.41"
"P. Sy","Belgium 2.","RFC Seraing","GK","28","0","2026-06-30","15","1380","0","0","0","0","Senegal","right","206","no","3.07","0.13","50","0.65","90","0","3.42","0","0","0","0","0","0","0","0","0","0","0","0.07","100","0","0","0","21.98","81.9","14.8","73.57","9.91","64.47","0","0","0","3.59","58.18","0.39","33.33","0.13","8.61","78.79","1.11","5.8","80.9","1.58","7.28","0.475","2.41"
"L. Bostyn","Belgium 2.","Zulte-Waregem","GK","32","225000","2026-06-30","14","1378","0","0","0","0","Belgium","right","195","no","1.5","0.07","0","0.52","87.5","0","2.02","0","0","0","0","0","0","0","0","0","0","0","0.07","100","0","0","0","17.5","80.22","11.56","70.62","8.95","64.23","0","0","0","3.13","56.25","0.13","50","0.07","6.92","77.36","1.11","5.03","77.92","1.6","7.48","0.489","1.31"
"J. Heekeren","Belgium 2.","Patro Eisden","GK","25","300000","2029-06-30","14","1368","0","0","0","0","Germany","right","196","no","2.37","0.46","71.43","0.59","77.78","0","2.24","0","0","0","0","0","0","0","0","0","0.07","100","0.26","100","0","0","0","17.83","85.24","12.3","79.68","11.25","77.19","0","0","0","3.03","60.87","0.13","0","0","9.21","88.57","0.99","3.36","70.59","0.81","-2.62","-0.172","1.58"
"T. Vanhoutte","Belgium 2.","Anderlecht II","GK","22","0","2027-06-30","13","1249","0","0","0","0","Belgium","right","189","no","1.8","0.07","100","0.5","85.71","0","2.22","0","0","0","0","0","0","0","0","0","0","0","0.14","100","0","0","0","22.84","87.7","13.91","82.9","7.21","64","0","0","0","1.08","66.67","0.14","50","0.07","5.33","67.57","1.59","5.26","69.86","1.43","-2.1","-0.151","1.3"
"C. Coosemans","Belgium 2.","Anderlecht II","GK","33","300000","2027-06-30","11","1042","0","0","0","0","Belgium","right","186","no","1.04","0","0","0.6","85.71","0","1.28","0","0","0","0","0","0","0","0","0","0","0","0.17","100","0","0","0","31.7","81.47","20.21","73.5","14.34","63.25","0","0","0","3.8","54.55","0.26","33.33","0.17","10.36","70.83","1.04","4.06","74.47","1.31","3.22","0.278","1.12"
