League,Season,Team,Matches,Wins,Draws,Losses,Points,Expected Points,Goals For,Goals Against,Goal Difference,Avg Age,Possession %,Goals p90,xG p90,Shots p90,Shot Accuracy %,Crosses p90,Dribbles p90,Touches in Box p90,xG Against p90,Goals Against p90,Shots Against p90,Defensive Duels p90,Defensive Duels Won %,Aerial Duels p90,Aerial Duels Won %,PPDA,Passes p90,Pass Accuracy %,Through Passes p90,Passes to Final Third p90,Passes to Final Third Acc %,Long Passes p90,Long Pass Accuracy %,Progressive Passes p90,Progressive Runs p90
Argentina 1,2026-27,River Plate,,,,,,,,,,26.1,65.2,1.06,1.58,13.73,33.8,14.26,18.52,16.33,0.8,0.79,7.32,53.03,64.8,30.82,44.2,6.27,483.76,84.6,4.34,60.35,74.2,40.78,58.0,73.74,17.31
Argentina 1,2026-27,Argentinos Juniors,,,,,,,,,,28.6,62.4,1.12,1.42,11.55,39.1,17.04,16.38,16.77,0.79,0.66,8.19,54.8,66.8,37.33,46.3,7.18,464.88,84.1,4.41,53.87,71.6,47.8,59.9,72.8,17.66
Argentina 1,2026-27,Boca Juniors,,,,,,,,,,26.2,59.8,1.15,1.43,11.59,35.8,18.48,19.98,16.73,0.75,0.77,7.87,56.68,67.0,32.89,44.9,8.17,464.07,84.1,4.79,51.63,72.2,44.14,56.3,73.23,14.2
Argentina 1,2026-27,Rosario Central,,,,,,,,,,27.5,55.9,1.09,1.24,10.67,34.3,14.83,17.91,16.43,0.92,0.86,9.38,51.46,64.3,33.13,49.7,8.29,386.51,82.1,4.71,48.04,72.2,42.66,55.9,66.92,13.66
Argentina 1,2026-27,Racing Club,,,,,,,,,,27.2,54.4,0.94,0.96,9.65,30.8,11.93,12.17,13.72,1.04,0.94,8.63,52.92,62.2,41.56,47.0,8.02,354.06,79.4,3.01,51.78,64.0,48.68,55.2,67.0,10.95
Argentina 1,2026-27,Talleres Córdoba,,,,,,,,,,26.1,53.5,1.01,0.96,10.87,35.6,12.39,16.49,13.45,1.09,0.83,11.01,56.7,61.2,41.27,47.3,9.89,384.27,82.4,4.38,47.86,69.3,44.26,58.2,65.5,13.63
Argentina 1,2026-27,Defensa y Justicia,,,,,,,,,,25.2,53.4,1.05,1.2,9.73,39.4,13.75,17.73,13.48,1.15,1.23,10.19,55.64,62.5,32.35,44.4,11.66,371.74,80.6,3.15,48.38,66.5,43.54,51.6,67.29,13.39
Argentina 1,2026-27,Lanús,,,,,,,,,,28.6,52.9,0.92,1.11,10.49,34.6,13.38,15.96,14.26,0.9,0.92,10.81,56.57,60.9,37.02,50.9,10.36,428.62,82.9,3.22,54.54,71.2,49.62,59.1,71.7,12.14
Argentina 1,2026-27,Independiente,,,,,,,,,,29.4,52.3,1.21,1.07,10.21,33.8,15.8,16.11,16.67,1.14,1.08,8.57,58.05,62.8,41.21,45.9,8.58,331.58,76.7,3.23,48.79,68.4,48.83,56.3,63.69,13.91
Argentina 1,2026-27,Estudiantes,,,,,,,,,,27.7,52.3,0.97,1.28,11.35,38.9,14.09,19.56,14.35,1.01,0.57,9.72,57.67,60.5,35.15,46.9,10.81,379.47,82.2,3.67,48.97,69.3,46.02,55.8,65.84,14.35
Argentina 1,2026-27,Independiente Rivadavia,,,,,,,,,,27.0,51.2,1.53,1.46,12.78,36.6,15.28,17.33,15.63,0.9,0.92,9.85,52.35,62.1,43.86,45.1,9.05,312.24,78.9,3.98,49.42,64.8,46.4,53.6,60.98,11.69
Argentina 1,2026-27,Huracán,,,,,,,,,,28.9,50.8,0.88,0.94,9.29,37.2,11.02,15.12,11.74,1.1,0.72,9.77,58.75,63.2,41.74,46.5,8.52,337.92,78.5,4.42,49.34,65.3,48.66,54.3,63.1,9.29
Argentina 1,2026-27,Vélez Sarsfield,,,,,,,,,,28.7,50.7,1.05,1.16,10.12,35.1,14.54,14.76,14.45,1.13,0.66,11.43,60.31,62.0,39.72,45.2,8.91,397.01,80.1,4.03,53.04,69.1,50.8,56.9,70.69,11.52
Argentina 1,2026-27,Platense,,,,,,,,,,27.2,50.6,0.64,0.99,10.81,33.6,15.74,17.16,12.88,1.08,1.06,9.57,62.3,61.9,37.64,45.7,8.99,351.12,77.8,3.31,51.17,67.1,47.85,55.1,64.56,12.75
Argentina 1,2026-27,San Lorenzo,,,,,,,,,,25.1,50.5,0.69,0.89,8.29,35.8,14.13,18.42,11.68,1.28,0.86,12.11,63.81,63.7,37.49,44.7,8.01,325.73,78.2,3.61,44.4,64.5,42.12,52.9,59.13,12.5
Argentina 1,2026-27,Unión Santa Fe,,,,,,,,,,26.6,48.9,1.35,1.38,13.41,34.6,17.23,16.23,17.84,1.29,1.22,9.55,56.24,63.4,45.13,48.0,9.8,337.65,78.4,3.69,49.86,71.0,47.0,59.9,68.22,14.97
Argentina 1,2026-27,Belgrano,,,,,,,,,,29.9,48.7,1.1,0.96,9.74,33.5,12.88,17.87,13.9,1.2,0.71,10.41,60.27,67.1,31.18,44.1,10.18,343.12,79.9,2.91,47.47,69.3,38.13,54.2,64.24,12.53
Argentina 1,2026-27,Gimnasia Mendoza,,,,,,,,,,27.8,47.9,0.78,0.95,9.89,34.9,11.13,17.71,10.12,1.41,1.1,11.13,63.33,61.3,37.07,44.9,10.24,304.22,76.9,2.71,40.79,63.1,43.55,56.5,63.79,11.31
Argentina 1,2026-27,Sarmiento,,,,,,,,,,28.2,47.4,0.97,1.07,8.77,38.1,10.62,15.91,11.46,1.42,1.3,13.36,59.71,59.7,41.15,42.7,9.73,300.39,76.9,2.92,41.57,60.8,46.16,57.5,62.16,9.74
Argentina 1,2026-27,Instituto,,,,,,,,,,28.0,47.1,0.95,1.41,11.45,36.0,18.06,14.98,17.66,0.74,0.86,8.47,60.98,62.7,36.44,43.0,9.34,327.36,76.1,3.26,48.35,60.8,51.16,52.7,73.39,9.28
Argentina 1,2026-27,Tigre,,,,,,,,,,27.1,46.8,1.0,1.14,11.6,33.1,13.97,15.89,12.83,0.77,0.78,8.81,57.53,66.0,41.1,49.1,10.91,315.66,76.2,3.42,51.64,63.8,47.31,52.3,67.53,10.5
Argentina 1,2026-27,Estudiantes Río Cuarto,,,,,,,,,,27.9,45.5,0.32,0.82,8.77,24.2,15.47,15.98,11.82,1.47,1.34,11.73,58.69,62.2,43.13,44.3,10.43,310.27,75.9,3.14,48.81,64.1,47.66,51.1,63.63,8.96
Argentina 1,2026-27,Atlético Tucumán,,,,,,,,,,27.4,45.4,0.83,1.1,9.77,31.9,14.54,19.13,12.61,1.02,1.01,9.17,59.86,62.8,44.5,49.0,9.37,285.46,75.0,3.3,46.1,66.3,42.8,52.9,61.7,11.33
Argentina 1,2026-27,Newell's Old Boys,,,,,,,,,,26.0,44.5,0.87,0.97,8.27,35.9,14.07,16.45,12.84,1.34,1.46,10.64,61.49,62.1,40.34,44.6,10.76,277.45,76.4,3.93,39.84,62.8,43.9,55.9,56.33,12.24
Argentina 1,2026-27,Gimnasia La Plata,,,,,,,,,,27.6,44.0,1.14,1.07,9.52,35.3,13.06,16.38,12.36,1.26,1.05,12.71,62.08,63.2,34.6,48.4,11.53,322.34,78.1,3.23,44.96,63.1,42.29,55.6,65.75,11.4
Argentina 1,2026-27,Aldosivi,,,,,,,,,,27.7,43.7,0.41,0.72,8.83,28.1,13.56,15.49,11.49,1.25,1.15,11.95,61.92,65.1,45.83,49.5,9.53,278.32,73.8,2.62,43.44,58.4,47.53,54.1,59.2,11.12
Argentina 1,2026-27,Central Córdoba SdE,,,,,,,,,,27.6,43.6,0.68,0.73,7.59,34.0,10.31,16.2,9.0,1.47,1.17,13.14,63.24,61.9,43.78,42.8,11.19,297.0,76.5,3.7,42.57,61.8,46.65,52.5,62.03,11.09
Argentina 1,2026-27,Banfield,,,,,,,,,,25.9,41.9,0.97,1.04,10.42,33.0,14.64,17.88,12.16,1.44,1.07,13.18,65.72,65.9,41.15,42.3,9.75,265.06,73.8,3.59,42.89,64.2,39.69,53.4,61.74,14.39
Argentina 1,2026-27,Barracas Central,,,,,,,,,,28.7,40.5,0.87,0.77,8.76,34.8,8.56,14.47,8.81,1.1,0.73,11.37,50.95,57.5,41.61,45.7,12.63,279.48,77.7,2.42,42.68,63.7,42.0,55.2,56.76,11.13
Argentina 1,2026-27,Deportivo Riestra,,,,,,,,,,29.5,36.6,0.51,0.89,8.73,36.8,12.18,11.77,13.1,0.9,0.69,9.84,68.26,59.9,49.41,43.2,10.09,226.65,64.7,5.65,55.71,59.7,58.61,54.4,65.68,6.62
Brazil 1,2026-27,Fluminense,22.0,9.0,8.0,5.0,35.0,32.9,31.0,26.0,5.0,29.5,57.6,1.22,1.32,12.7,37.0,12.07,16.29,17.91,1.15,1.03,10.1,51.27,58.3,24.14,48.2,10.54,458.48,87.6,1.85,49.38,81.2,31.47,56.9,62.87,14.75
Brazil 1,2026-27,Flamengo,21.0,12.0,6.0,3.0,42.0,38.0,39.0,18.0,21.0,29.5,55.5,1.65,1.53,12.28,35.4,12.58,14.77,17.98,0.96,0.76,10.47,47.28,58.0,22.16,50.9,11.76,479.17,88.5,2.62,56.06,83.2,33.39,62.2,63.74,15.91
Brazil 1,2026-27,Cruzeiro,22.0,9.0,6.0,7.0,33.0,29.7,30.0,31.0,-1.0,27.5,55.0,1.19,1.18,11.34,34.6,13.84,14.91,16.54,1.23,1.23,9.52,50.49,57.0,24.31,46.8,8.38,378.88,84.4,3.97,48.11,73.7,34.98,55.8,58.15,14.76
Brazil 1,2026-27,Bahia,22.0,8.0,9.0,5.0,33.0,33.6,29.0,25.0,4.0,29.4,54.6,1.15,1.37,11.13,35.9,14.49,19.8,16.55,1.22,0.99,11.36,54.8,56.4,25.02,48.9,8.83,383.0,85.1,2.85,45.57,74.1,31.91,54.7,54.56,16.71
Brazil 1,2026-27,Vasco da Gama,21.0,5.0,7.0,9.0,22.0,31.0,23.0,31.0,-8.0,26.7,53.0,0.97,1.37,14.25,30.9,18.82,20.89,18.23,1.19,1.31,10.36,50.63,57.1,29.82,46.2,9.92,397.51,84.8,1.61,52.74,78.3,31.42,54.2,60.9,16.45
Brazil 1,2026-27,São Paulo,21.0,7.0,5.0,9.0,26.0,29.8,26.0,25.0,1.0,30.1,52.6,1.08,1.25,9.84,36.7,13.83,14.25,14.95,1.14,1.04,9.76,52.0,56.5,28.08,47.6,10.02,388.82,85.2,3.03,47.22,77.1,35.72,56.6,62.46,12.87
Brazil 1,2026-27,Corinthians,22.0,8.0,8.0,6.0,32.0,30.4,24.0,20.0,4.0,27.7,52.6,0.95,0.85,9.11,35.2,10.5,14.7,11.65,0.84,0.79,8.96,49.02,60.2,23.7,51.2,9.91,364.28,85.0,2.1,45.38,76.1,32.22,57.7,59.01,10.5
Brazil 1,2026-27,Red Bull Bragantino,21.0,9.0,4.0,8.0,31.0,33.1,26.0,22.0,4.0,26.6,51.4,1.08,1.28,12.63,33.6,13.5,17.74,16.33,0.99,0.91,9.22,49.65,56.2,26.88,51.3,9.43,318.82,80.8,3.45,44.42,68.1,41.26,55.8,56.97,13.88
Brazil 1,2026-27,Grêmio,21.0,6.0,7.0,8.0,25.0,23.6,24.0,27.0,-3.0,27.1,51.4,1.01,1.01,9.0,35.8,13.49,17.63,10.81,1.36,1.13,11.1,50.3,56.0,23.33,48.1,11.89,363.1,84.3,2.26,43.35,72.0,36.6,53.0,57.79,14.78
Brazil 1,2026-27,Mirassol,21.0,6.0,5.0,10.0,23.0,29.5,24.0,30.0,-6.0,29.7,50.7,1.0,1.2,11.09,35.2,14.37,15.53,14.58,1.16,1.25,10.92,49.17,55.6,28.16,48.8,10.85,360.29,84.2,2.82,42.94,71.3,30.9,58.9,55.15,12.5
Brazil 1,2026-27,Palmeiras,22.0,14.0,6.0,2.0,48.0,31.8,38.0,16.0,22.0,26.6,50.5,1.52,1.05,11.68,33.4,13.04,16.43,14.79,0.94,0.64,10.57,53.19,55.5,26.2,48.6,11.02,375.03,85.0,3.47,44.02,76.1,33.42,56.3,59.3,12.92
Brazil 1,2026-27,Santos,21.0,5.0,7.0,9.0,22.0,30.5,29.0,35.0,-6.0,28.2,49.2,1.22,1.22,10.97,31.4,11.72,15.5,15.04,1.11,1.47,10.88,54.2,60.9,26.18,48.5,10.12,362.77,82.6,2.18,42.14,71.6,30.8,53.8,57.27,10.84
Brazil 1,2026-27,Internacional,22.0,5.0,8.0,9.0,23.0,33.5,23.0,27.0,-4.0,27.9,49.0,0.92,1.35,12.33,32.1,16.45,15.49,16.93,1.1,1.08,9.48,56.75,59.0,31.93,38.8,9.95,340.75,81.1,2.92,51.54,71.7,37.02,53.6,61.75,12.25
Brazil 1,2026-27,Atlético Mineiro,21.0,8.0,5.0,8.0,29.0,30.4,27.0,27.0,0.0,28.7,48.8,1.15,1.21,10.95,35.5,11.51,15.7,14.37,1.09,1.15,12.32,49.28,58.0,25.58,45.8,14.46,356.83,83.7,2.18,43.12,71.0,42.52,53.9,58.39,12.58
Brazil 1,2026-27,Botafogo,21.0,8.0,6.0,7.0,30.0,25.3,35.0,33.0,2.0,27.2,48.0,1.47,1.21,10.74,41.0,10.95,15.27,14.26,1.48,1.38,12.58,49.95,55.4,25.29,41.6,11.61,317.64,82.9,2.73,37.41,66.7,35.35,52.0,53.43,13.42
Brazil 1,2026-27,Athletico Paranaense,22.0,12.0,4.0,6.0,40.0,33.2,30.0,19.0,11.0,26.8,46.9,1.2,1.31,9.85,39.3,11.17,12.68,12.16,1.03,0.76,9.53,45.78,55.7,20.18,40.5,12.78,323.19,83.6,2.43,41.83,72.3,32.3,54.9,54.47,11.4
Brazil 1,2026-27,Vitória,22.0,7.0,5.0,10.0,26.0,24.4,22.0,33.0,-11.0,27.2,46.2,0.87,0.81,8.77,37.6,9.01,14.17,10.52,1.28,1.31,11.87,51.75,56.9,30.04,44.1,12.06,300.83,82.6,1.94,36.63,67.9,32.82,56.2,50.4,9.68
Brazil 1,2026-27,Chapecoense,21.0,1.0,7.0,13.0,10.0,19.9,20.0,43.0,-23.0,28.7,43.9,0.84,0.9,9.93,27.0,12.78,13.87,10.68,1.55,1.8,14.04,49.61,56.3,29.62,45.5,15.05,319.61,82.5,1.42,39.05,68.7,39.59,55.3,53.3,11.98
Brazil 1,2026-27,Remo,22.0,5.0,7.0,10.0,22.0,26.1,26.0,36.0,-10.0,29.6,41.4,1.05,1.03,10.18,34.4,11.75,10.91,10.34,1.26,1.45,11.23,51.12,60.4,27.21,46.4,16.0,300.91,79.9,2.66,43.79,66.2,34.49,49.6,53.57,9.94
Brazil 1,2026-27,Coritiba,22.0,8.0,6.0,8.0,30.0,24.2,27.0,29.0,-2.0,28.4,41.0,1.09,0.98,8.94,32.4,9.38,11.8,11.64,1.34,1.17,13.53,51.34,57.6,26.54,48.1,17.91,283.45,81.2,1.93,32.5,66.7,35.52,50.9,48.77,9.14
Brazil 2,2026-27,Náutico,21.0,7.0,5.0,9.0,26.0,32.7,25.0,25.0,0.0,30.5,58.3,1.05,1.47,13.68,29.4,15.78,18.42,17.83,1.18,1.05,9.69,49.51,57.4,26.18,48.2,6.73,360.88,81.9,3.31,50.85,72.1,31.55,50.3,56.48,16.66
Brazil 2,2026-27,América Mineiro,21.0,2.0,5.0,14.0,11.0,24.0,15.0,33.0,-18.0,28.0,54.6,0.64,1.07,10.34,38.4,15.64,13.42,14.53,1.38,1.41,12.26,45.51,53.1,27.31,48.7,9.93,377.18,83.9,2.05,45.34,70.0,38.21,56.4,58.25,11.07
Brazil 2,2026-27,Sport Recife,21.0,7.0,11.0,3.0,32.0,32.5,26.0,19.0,7.0,26.7,53.4,1.1,1.44,11.21,34.2,12.35,13.41,13.36,1.1,0.8,10.83,48.14,55.1,28.33,44.6,9.89,352.2,84.5,2.02,39.84,69.1,32.42,52.9,52.52,11.13
Brazil 2,2026-27,Vila Nova,21.0,10.0,4.0,7.0,34.0,27.5,27.0,25.0,2.0,28.7,52.9,1.18,1.07,11.15,28.7,12.68,17.29,12.77,1.11,1.01,9.08,49.67,56.0,27.03,50.5,9.27,333.93,81.7,2.24,44.58,71.0,34.36,49.7,55.64,12.29
Brazil 2,2026-27,Goiás,21.0,9.0,5.0,7.0,32.0,28.5,22.0,26.0,-4.0,29.2,52.8,0.99,1.18,9.86,33.6,13.36,13.89,12.55,1.1,1.17,10.62,48.09,58.3,24.07,45.4,11.12,385.28,84.9,2.33,49.35,73.4,38.05,53.2,60.82,9.68
Brazil 2,2026-27,Ceará,21.0,6.0,7.0,8.0,25.0,26.0,22.0,25.0,-3.0,27.4,51.9,0.94,1.14,11.78,32.6,13.4,14.81,14.3,1.34,1.07,10.71,50.87,57.4,37.13,43.1,9.12,323.09,82.0,1.66,42.38,68.8,33.12,51.5,53.13,12.03
Brazil 2,2026-27,Criciúma,21.0,11.0,7.0,3.0,40.0,28.1,23.0,14.0,9.0,31.1,51.6,1.08,1.14,11.29,27.1,15.1,13.27,15.38,0.98,0.61,9.93,51.37,57.2,39.28,48.1,9.3,349.93,81.2,2.07,46.72,66.7,44.74,56.6,68.5,9.13
Brazil 2,2026-27,Operário PR,21.0,10.0,5.0,6.0,35.0,25.7,29.0,28.0,1.0,30.5,51.5,1.29,1.2,11.53,34.0,11.22,13.94,10.55,1.35,1.2,11.71,49.3,54.1,23.96,44.8,10.76,355.9,84.2,1.91,38.79,69.7,35.85,56.9,54.77,12.16
Brazil 2,2026-27,CRB,20.0,8.0,5.0,7.0,29.0,31.5,31.0,32.0,-1.0,28.2,51.1,1.38,1.41,14.27,38.3,14.71,15.07,14.71,1.15,1.42,10.4,49.02,56.6,26.49,44.0,13.52,371.02,84.3,3.47,48.53,72.2,37.87,50.1,59.29,14.0
Brazil 2,2026-27,Juventude,21.0,11.0,5.0,5.0,38.0,28.9,23.0,12.0,11.0,28.7,50.1,0.99,1.04,9.91,37.2,12.66,11.93,13.52,1.0,0.52,10.52,53.52,56.1,31.16,54.1,9.65,306.82,80.6,2.4,39.91,65.8,37.25,52.5,58.67,10.94
Brazil 2,2026-27,São Bernardo FC,21.0,8.0,6.0,7.0,30.0,30.2,31.0,24.0,7.0,31.2,50.1,1.31,1.14,10.73,39.1,10.56,12.25,11.28,1.09,1.02,12.93,46.42,54.1,26.45,45.7,13.25,369.11,84.8,1.4,38.24,71.5,40.1,59.8,59.69,10.89
Brazil 2,2026-27,Grêmio Novorizontino,21.0,9.0,6.0,6.0,33.0,37.1,32.0,20.0,12.0,27.0,48.8,1.35,1.49,12.1,34.6,15.86,13.11,15.61,0.89,0.85,9.64,48.51,58.7,33.79,47.8,10.69,320.67,80.5,2.33,45.8,71.2,34.26,52.3,58.7,12.77
Brazil 2,2026-27,Fortaleza,21.0,10.0,5.0,6.0,35.0,30.8,24.0,20.0,4.0,28.2,48.7,1.01,1.16,11.49,31.5,12.54,14.22,14.64,1.15,0.84,10.56,47.46,55.0,27.69,47.9,11.13,347.84,84.2,2.4,43.84,72.9,33.96,52.9,56.68,11.57
Brazil 2,2026-27,Botafogo SP,21.0,7.0,6.0,8.0,27.0,32.6,26.0,22.0,4.0,28.6,48.4,1.09,1.1,9.75,34.5,14.12,15.85,15.68,0.84,0.92,10.21,51.16,57.0,36.82,46.1,9.56,292.2,79.4,2.19,41.57,65.6,37.2,50.6,51.37,10.43
Brazil 2,2026-27,Atlético GO,21.0,8.0,8.0,5.0,32.0,32.3,24.0,21.0,3.0,27.3,48.4,1.03,1.37,11.19,33.6,13.54,15.85,13.8,1.15,0.9,10.51,51.39,56.5,27.21,48.8,11.42,321.3,82.1,3.33,43.1,65.7,36.86,52.8,53.39,12.94
Brazil 2,2026-27,Avaí,20.0,5.0,5.0,10.0,20.0,18.0,21.0,27.0,-6.0,25.8,47.2,0.93,0.82,8.74,32.3,8.87,15.1,10.06,1.43,1.19,11.96,50.98,52.7,31.16,48.3,11.16,322.44,80.8,2.69,42.37,61.9,36.99,48.9,54.95,11.43
Brazil 2,2026-27,Cuiabá,21.0,5.0,11.0,5.0,26.0,30.5,16.0,16.0,0.0,27.7,46.8,0.68,0.95,10.48,37.6,14.76,13.22,13.47,0.77,0.68,8.77,47.65,58.0,33.79,43.8,10.64,332.02,82.9,2.35,43.59,70.9,38.63,54.4,55.52,9.71
Brazil 2,2026-27,Londrina,21.0,5.0,5.0,11.0,20.0,24.5,27.0,32.0,-5.0,26.1,45.1,1.22,1.1,10.88,30.7,12.82,12.73,10.93,1.37,1.4,11.83,50.31,57.9,29.13,50.5,12.47,307.12,80.3,1.81,36.8,66.6,32.38,52.7,53.78,8.31
Brazil 2,2026-27,Athletic Club,21.0,7.0,10.0,4.0,31.0,26.2,21.0,18.0,3.0,24.4,44.7,0.9,1.06,9.28,30.9,10.82,13.94,10.95,1.24,0.77,12.23,53.85,56.8,29.47,45.4,12.26,294.72,80.5,2.18,37.6,61.1,37.98,46.7,53.64,9.11
Brazil 2,2026-27,Ponte Preta,21.0,2.0,3.0,16.0,9.0,18.7,15.0,41.0,-26.0,29.0,44.1,0.63,1.02,8.86,35.7,13.03,16.57,10.97,1.77,1.73,14.0,52.13,54.6,29.73,40.7,10.92,266.84,78.3,2.83,41.33,64.2,36.99,52.2,52.97,11.01
Canada 1,2026-27,Atlético Ottawa,16.0,7.0,3.0,6.0,24.0,17.8,25.0,29.0,-4.0,24.6,61.0,1.37,1.41,10.22,36.9,8.96,10.82,18.58,1.83,1.58,10.71,47.1,58.0,14.43,47.0,11.7,496.67,88.7,0.71,48.2,76.3,30.16,50.2,56.99,12.62
Canada 1,2026-27,FC Supra,15.0,5.0,3.0,7.0,18.0,19.3,22.0,27.0,-5.0,25.3,52.4,1.29,1.28,12.17,33.3,9.7,16.69,16.87,1.42,1.59,9.58,48.26,58.6,15.4,45.0,11.69,425.84,85.2,1.53,46.38,71.1,36.21,50.6,58.37,14.05
Canada 1,2026-27,Inter Toronto,14.0,3.0,5.0,6.0,14.0,12.6,16.0,31.0,-15.0,26.8,49.8,1.02,1.24,9.88,36.1,9.56,13.32,13.39,2.1,1.98,14.21,55.26,57.7,23.84,47.6,12.7,385.3,84.7,1.4,43.66,69.5,36.14,59.1,59.66,8.54
Canada 1,2026-27,Cavalry,16.0,10.0,4.0,2.0,34.0,30.2,31.0,9.0,22.0,27.1,49.2,1.72,1.67,12.06,36.4,10.95,14.23,21.24,0.85,0.5,8.95,48.92,57.2,18.62,53.4,14.03,361.0,84.7,0.56,42.75,72.7,31.35,54.6,55.76,14.06
Canada 1,2026-27,Forge,15.0,11.0,2.0,2.0,35.0,28.9,23.0,9.0,14.0,26.6,48.3,1.37,1.77,13.14,35.3,13.61,15.69,20.33,0.95,0.54,7.31,52.49,59.1,19.14,50.3,11.5,354.53,82.8,1.31,43.81,69.3,37.87,59.3,59.5,12.01
Canada 1,2026-27,Pacific FC,15.0,0.0,4.0,11.0,4.0,16.0,17.0,33.0,-16.0,25.4,47.9,0.98,1.49,9.43,35.6,11.92,12.96,16.83,1.96,1.91,13.13,49.97,59.4,20.59,52.0,13.46,395.86,83.2,1.5,42.22,66.4,33.03,45.7,59.58,9.25
Canada 1,2026-27,HFX Wanderers FC,17.0,4.0,5.0,8.0,17.0,19.7,21.0,26.0,-5.0,25.1,47.5,1.11,1.22,7.71,34.2,12.62,14.52,13.05,1.6,1.37,11.88,46.21,57.8,19.49,42.5,15.44,385.09,84.9,2.17,44.63,71.5,32.69,52.0,58.52,11.83
Canada 1,2026-27,Vancouver FC,16.0,8.0,2.0,6.0,26.0,29.2,25.0,16.0,9.0,26.9,43.9,1.39,1.74,10.76,37.8,13.21,14.04,18.06,1.14,0.89,9.53,50.82,60.7,19.17,50.0,17.99,358.11,83.4,1.5,40.07,68.7,39.79,54.2,61.52,12.76
Chile 1,2026-27,Colo Colo,18.0,15.0,0.0,3.0,45.0,34.9,38.0,17.0,21.0,27.0,62.5,1.87,1.63,13.46,40.7,17.06,16.57,19.28,0.84,0.84,7.2,49.22,66.5,28.8,46.2,7.43,472.64,85.3,4.88,59.18,77.7,40.78,58.8,69.83,18.25
Chile 1,2026-27,Universidad de Chile,18.0,9.0,6.0,3.0,33.0,28.4,23.0,12.0,11.0,28.1,57.2,1.13,1.22,11.63,38.0,15.7,16.15,18.84,0.88,0.59,8.59,51.72,63.5,34.99,45.2,8.42,409.61,82.6,3.04,55.99,70.6,41.42,53.7,67.18,14.18
Chile 1,2026-27,Universidad Católica,18.0,9.0,3.0,6.0,30.0,32.3,40.0,26.0,14.0,29.6,55.7,1.96,1.51,11.26,38.7,18.66,12.58,17.24,0.96,1.27,8.76,51.02,63.4,31.73,51.5,9.33,388.4,81.8,4.99,48.77,69.4,44.12,57.0,69.63,11.36
Chile 1,2026-27,O'Higgins,18.0,7.0,2.0,9.0,23.0,24.3,22.0,28.0,-6.0,25.9,52.5,1.08,1.34,10.74,38.8,18.49,15.4,17.07,1.32,1.37,11.18,50.08,65.6,38.5,44.2,10.78,367.95,81.4,1.86,48.85,71.7,41.44,57.5,66.95,14.37
Chile 1,2026-27,Unión La Calera,18.0,5.0,4.0,9.0,19.0,20.5,20.0,30.0,-10.0,28.6,52.0,0.99,0.97,8.41,34.7,16.87,15.19,14.4,1.37,1.48,11.48,53.29,64.8,34.24,46.2,12.18,373.01,80.1,3.46,46.86,64.9,51.21,58.2,68.48,10.54
Chile 1,2026-27,Audax Italiano,18.0,5.0,5.0,8.0,20.0,19.8,22.0,25.0,-3.0,25.6,51.3,1.14,0.91,9.53,30.4,13.06,15.85,11.3,1.14,1.19,10.93,52.33,62.5,30.52,43.6,11.17,341.45,79.2,3.06,44.51,65.3,46.63,55.9,63.26,11.87
Chile 1,2026-27,Univ. Concepción,17.0,5.0,4.0,8.0,19.0,18.3,13.0,28.0,-15.0,27.8,50.8,0.68,1.06,10.95,32.1,14.98,16.76,15.14,1.62,1.47,11.73,54.95,64.0,31.96,43.3,11.2,363.04,80.7,2.51,46.36,69.4,44.11,52.4,66.06,12.36
Chile 1,2026-27,Coquimbo Unido,17.0,7.0,4.0,6.0,25.0,30.1,24.0,21.0,3.0,30.0,48.9,1.24,1.51,10.76,34.6,17.84,13.19,18.52,1.01,1.09,8.79,57.52,65.8,39.57,54.0,9.98,337.09,77.4,1.97,47.95,63.9,42.0,56.8,66.05,11.74
Chile 1,2026-27,Palestino,18.0,8.0,3.0,7.0,27.0,23.4,26.0,26.0,0.0,28.6,47.4,1.3,1.28,11.37,34.2,13.96,13.41,13.06,1.27,1.3,11.37,52.2,62.3,40.39,49.4,11.25,332.53,79.8,3.24,46.62,68.6,49.31,60.3,65.97,11.02
Chile 1,2026-27,Everton,18.0,6.0,5.0,7.0,23.0,23.9,24.0,22.0,2.0,28.0,47.1,1.18,1.24,11.05,39.7,15.64,16.18,16.97,1.28,1.09,10.95,54.87,63.4,32.81,40.8,11.0,323.54,78.0,2.86,47.81,67.5,45.64,55.8,66.56,13.03
Chile 1,2026-27,La Serena,18.0,4.0,8.0,6.0,20.0,20.5,26.0,31.0,-5.0,27.7,46.8,1.28,1.1,9.85,38.5,9.26,11.72,11.28,1.46,1.53,11.03,55.47,61.8,40.59,47.1,9.14,309.16,77.9,2.86,42.51,62.3,42.27,54.0,59.06,8.87
Chile 1,2026-27,Concepción,18.0,7.0,2.0,9.0,23.0,25.9,20.0,23.0,-3.0,30.5,46.4,0.98,1.26,10.41,31.1,16.51,17.24,12.28,1.1,1.13,10.32,55.22,61.6,31.34,44.2,12.68,323.74,78.2,3.54,45.05,66.8,44.51,53.4,62.69,12.13
Chile 1,2026-27,Deportes Limache,17.0,7.0,3.0,7.0,24.0,22.1,34.0,27.0,7.0,29.1,46.3,1.78,1.35,9.32,42.7,15.61,15.03,15.56,1.44,1.41,12.63,51.97,63.1,33.58,42.3,14.44,314.21,79.1,3.04,42.01,66.2,45.05,56.2,59.35,14.35
Chile 1,2026-27,Huachipato,18.0,7.0,3.0,8.0,24.0,22.7,27.0,31.0,-4.0,27.2,46.3,1.33,1.23,10.37,38.9,14.3,12.93,14.01,1.45,1.52,13.57,53.97,60.3,39.32,47.8,13.31,335.08,79.9,3.49,43.99,66.1,45.32,54.4,64.59,9.54
Chile 1,2026-27,Ñublense,17.0,6.0,8.0,3.0,26.0,25.2,22.0,21.0,1.0,29.2,45.3,1.21,1.31,10.89,33.3,16.05,15.28,16.99,1.12,1.04,9.46,57.78,61.3,46.51,45.9,11.17,317.61,78.5,2.69,45.91,68.9,42.88,57.1,63.67,10.56
Chile 1,2026-27,Cobresal,18.0,4.0,2.0,12.0,14.0,18.0,24.0,37.0,-13.0,28.8,43.3,1.18,1.09,11.61,34.3,13.77,15.0,13.92,1.79,1.82,13.72,53.02,60.7,27.34,47.7,17.61,340.87,81.6,2.21,41.51,71.8,36.74,56.4,62.16,10.77
China 1,2026-27,Beijing Guoan,21.0,9.0,7.0,5.0,29.0,41.3,38.0,27.0,11.0,29.9,61.2,1.6,1.94,13.22,34.6,17.46,13.39,23.59,0.86,1.13,8.44,44.24,56.8,34.72,52.4,8.08,433.84,84.1,4.16,51.93,75.0,37.02,54.6,68.3,12.09
China 1,2026-27,Shanghai Port,21.0,7.0,6.0,8.0,22.0,27.7,33.0,29.0,4.0,27.4,57.2,1.35,1.22,9.38,37.8,14.92,17.65,15.49,1.22,1.18,9.66,49.32,59.8,24.9,43.2,8.89,393.1,83.7,2.98,47.16,67.3,33.22,50.8,60.65,12.07
China 1,2026-27,Chengdu Rongcheng,22.0,13.0,6.0,3.0,45.0,41.4,42.0,22.0,20.0,29.8,55.4,1.68,1.78,12.76,35.4,17.64,14.36,22.72,1.03,0.88,9.28,43.56,57.8,29.52,51.1,9.33,401.84,82.8,2.24,50.96,73.0,40.16,57.1,64.4,11.8
China 1,2026-27,Zhejiang Professional,21.0,8.0,5.0,8.0,24.0,27.6,31.0,36.0,-5.0,28.0,51.1,1.28,1.37,11.02,40.1,11.31,17.34,16.27,1.47,1.49,12.1,48.59,53.9,26.75,49.4,12.14,348.23,83.2,4.58,47.06,70.4,37.24,52.7,57.14,12.39
China 1,2026-27,Yunnan Yukun,22.0,9.0,4.0,9.0,31.0,26.4,43.0,41.0,2.0,30.3,51.0,1.69,1.24,11.94,36.0,13.48,13.16,15.6,1.48,1.62,10.4,41.97,56.4,24.35,51.8,13.29,326.86,81.7,3.23,43.5,70.0,37.0,53.0,58.67,10.64
China 1,2026-27,Henan,21.0,8.0,5.0,8.0,23.0,32.3,26.0,25.0,1.0,30.5,50.9,1.09,1.27,10.06,36.4,11.7,11.32,14.31,1.1,1.05,9.59,55.37,58.1,35.3,50.8,10.29,332.99,82.1,3.16,42.12,69.1,42.45,57.1,58.36,8.5
China 1,2026-27,Liaoning Tieren,21.0,7.0,3.0,11.0,24.0,25.0,28.0,33.0,-5.0,29.1,50.6,1.19,1.32,10.35,33.2,14.68,15.83,16.12,1.63,1.4,11.63,52.62,58.1,27.28,42.9,12.19,364.96,81.6,3.61,49.01,71.2,44.26,53.5,64.33,11.46
China 1,2026-27,Shandong Taishan,22.0,11.0,3.0,8.0,30.0,31.9,39.0,37.0,2.0,28.1,49.1,1.57,1.49,11.4,36.3,12.81,15.05,17.58,1.45,1.49,11.88,56.84,56.9,29.14,48.9,9.97,356.91,82.1,2.57,48.17,71.0,39.22,51.7,60.86,12.69
China 1,2026-27,Shanghai Shenhua,21.0,9.0,5.0,7.0,22.0,33.4,38.0,34.0,4.0,27.7,49.1,1.58,1.79,12.49,38.7,14.44,14.78,19.98,1.4,1.42,10.91,52.04,58.2,29.81,44.4,10.67,357.0,82.3,4.08,46.96,68.9,40.84,55.4,59.82,12.03
China 1,2026-27,Chongqing Tongliang Long,22.0,7.0,8.0,7.0,29.0,25.6,25.0,27.0,-2.0,24.8,48.7,1.0,0.84,7.78,34.5,7.74,10.23,10.19,1.22,1.08,9.03,48.07,61.0,26.72,45.9,15.88,368.51,84.6,2.05,42.21,67.3,42.33,51.9,59.02,9.47
China 1,2026-27,Dalian Young Boy,21.0,10.0,2.0,9.0,32.0,31.4,32.0,36.0,-4.0,29.5,47.7,1.33,1.37,11.65,37.5,13.39,15.85,20.09,1.3,1.5,9.61,55.11,59.4,29.57,45.7,10.34,311.8,78.7,2.99,44.0,65.6,38.64,50.9,61.89,10.69
China 1,2026-27,Wuhan Three Towns,20.0,4.0,8.0,8.0,15.0,24.5,28.0,35.0,-7.0,27.9,47.0,1.23,1.32,9.95,37.0,14.07,16.08,14.11,1.51,1.53,11.3,49.12,59.0,31.9,47.3,12.32,304.31,81.0,3.33,38.47,65.1,39.52,52.3,52.54,10.08
China 1,2026-27,Qingdao Hainiu,22.0,6.0,3.0,13.0,14.0,23.3,30.0,41.0,-11.0,29.6,46.4,1.19,1.15,10.56,30.1,12.54,17.06,12.1,1.71,1.63,12.26,57.58,57.5,29.96,46.2,11.45,296.15,78.4,1.98,42.02,63.5,43.25,52.2,58.65,11.31
China 1,2026-27,Shenzhen Peng City,22.0,7.0,2.0,13.0,23.0,27.7,30.0,41.0,-11.0,27.0,45.4,1.18,1.2,9.76,36.3,12.59,14.01,13.93,1.51,1.61,11.69,49.62,58.8,30.1,48.0,10.2,270.91,78.8,1.81,37.66,64.7,38.68,52.9,51.2,7.12
China 1,2026-27,Qingdao West Coast,22.0,7.0,11.0,4.0,32.0,27.5,26.0,29.0,-3.0,28.3,44.9,1.04,1.11,8.39,37.1,10.82,12.7,13.26,1.35,1.16,10.38,54.62,56.7,29.71,40.5,11.82,289.88,80.4,2.95,38.57,62.1,37.69,48.8,50.15,9.14
China 1,2026-27,Tianjin Tigers,21.0,7.0,6.0,8.0,17.0,26.9,30.0,26.0,4.0,28.6,44.5,1.25,1.07,8.48,32.8,9.64,12.17,11.09,1.2,1.08,10.93,49.82,61.4,29.46,42.9,16.25,306.86,78.9,2.58,40.18,58.1,44.46,44.4,55.55,8.39
Colombia 1,2026-27,Atlético Nacional,27.0,19.0,1.0,7.0,58.0,48.5,52.0,22.0,30.0,29.0,56.1,1.75,1.6,14.48,36.8,11.47,14.75,17.62,0.93,0.74,11.14,51.7,62.1,22.07,44.0,10.32,386.63,85.5,4.52,52.74,72.8,39.65,57.7,66.82,13.4
Colombia 1,2026-27,Fortaleza,23.0,6.0,9.0,8.0,27.0,28.4,26.0,31.0,-5.0,25.6,55.5,1.03,1.0,10.87,30.5,13.84,16.25,14.12,1.19,1.23,9.85,45.75,60.5,28.31,41.8,10.31,380.13,85.3,3.76,50.26,74.4,36.1,59.3,62.68,13.88
Colombia 1,2026-27,América de Cali,25.0,14.0,4.0,7.0,46.0,38.0,37.0,20.0,17.0,27.5,54.6,1.33,1.22,11.76,35.3,10.68,13.31,14.0,1.08,0.72,9.63,49.56,60.3,24.53,45.7,11.71,403.47,86.3,3.54,45.45,76.0,37.55,60.9,60.96,12.52
Colombia 1,2026-27,Tolima,27.0,13.0,7.0,7.0,46.0,42.7,39.0,27.0,12.0,26.1,54.2,1.3,1.25,11.61,35.2,7.59,13.75,15.59,1.0,0.9,10.84,51.09,63.4,21.41,40.9,11.35,407.51,85.8,3.48,48.04,73.3,33.49,57.3,60.22,11.24
Colombia 1,2026-27,Atlético Bucaramanga,23.0,7.0,10.0,6.0,31.0,35.0,32.0,24.0,8.0,29.9,52.7,1.31,1.07,11.36,32.5,14.89,14.85,16.2,0.8,0.9,8.74,52.18,63.2,29.33,49.8,10.33,371.49,82.0,4.92,48.94,72.4,37.82,53.7,62.97,11.32
Colombia 1,2026-27,Once Caldas,25.0,9.0,12.0,4.0,39.0,36.6,41.0,30.0,11.0,27.4,52.5,1.49,1.35,13.25,39.5,11.15,15.83,16.52,1.2,1.09,12.31,47.12,60.7,20.69,44.7,12.29,396.92,85.2,3.56,53.48,75.5,34.13,51.6,58.31,14.81
Colombia 1,2026-27,Junior,27.0,13.0,5.0,9.0,46.0,34.9,39.0,31.0,8.0,28.7,52.5,1.29,1.14,10.98,36.1,10.62,14.75,14.65,1.3,1.03,12.57,59.93,64.7,24.01,44.4,10.44,357.62,83.2,3.8,48.49,70.9,33.61,53.5,57.32,13.36
Colombia 1,2026-27,Medellín,22.0,10.0,5.0,7.0,35.0,36.9,33.0,28.0,5.0,28.7,52.2,1.34,1.4,12.68,35.9,13.57,16.78,16.66,0.99,1.14,9.02,47.46,65.0,29.99,47.4,10.96,337.37,83.8,2.93,47.26,73.5,33.93,56.6,56.32,14.79
Colombia 1,2026-27,Deportivo Pasto,25.0,10.0,4.0,11.0,34.0,29.4,32.0,37.0,-5.0,28.7,51.5,1.16,0.95,10.18,31.7,12.35,17.09,12.17,1.2,1.34,10.47,54.65,64.2,27.27,47.9,11.15,345.98,83.6,2.64,46.1,68.8,36.04,53.1,57.48,12.13
Colombia 1,2026-27,Deportivo Cali,22.0,9.0,6.0,7.0,33.0,33.4,24.0,17.0,7.0,29.8,49.7,0.98,1.16,11.51,31.4,15.05,16.32,15.09,0.96,0.69,9.07,58.14,61.9,31.45,49.9,9.35,340.19,82.2,3.5,47.64,69.4,37.8,54.9,58.96,12.37
Colombia 1,2026-27,Llaneros,22.0,6.0,11.0,5.0,29.0,27.5,22.0,22.0,0.0,28.0,48.7,0.89,1.02,9.48,35.9,13.62,14.95,13.01,1.19,0.89,10.5,51.54,63.4,33.15,43.5,11.66,303.03,79.9,2.35,41.17,68.7,40.93,53.7,59.08,10.7
Colombia 1,2026-27,Águilas Doradas,21.0,9.0,5.0,7.0,32.0,30.3,24.0,27.0,-3.0,27.5,48.4,1.03,1.16,9.91,34.1,11.67,13.93,14.4,1.07,1.15,11.11,51.92,59.3,32.65,42.4,11.17,312.35,80.2,4.57,45.34,64.9,41.67,51.1,58.55,11.75
Colombia 1,2026-27,Santa Fe,26.0,9.0,12.0,5.0,38.0,40.9,40.0,28.0,12.0,31.2,47.1,1.39,1.24,10.65,40.4,11.97,11.24,13.22,0.96,0.97,11.55,45.0,62.8,29.7,45.1,12.04,318.05,81.0,3.68,45.49,70.4,34.18,52.9,56.87,10.76
Colombia 1,2026-27,Inter Bogotá,24.0,8.0,7.0,9.0,31.0,31.9,30.0,39.0,-9.0,26.4,47.0,1.14,1.19,11.79,37.4,14.6,18.67,13.04,1.22,1.48,10.68,51.6,62.6,25.78,45.9,14.86,319.92,81.7,2.97,45.67,69.4,34.14,54.2,57.72,14.75
Colombia 1,2026-27,Jaguares de Córdoba,23.0,5.0,4.0,14.0,19.0,24.6,21.0,40.0,-19.0,29.7,46.3,0.83,1.01,9.56,31.7,8.85,12.63,10.07,1.43,1.57,12.4,51.36,63.6,25.78,46.6,13.81,323.56,83.3,3.15,39.86,66.2,39.0,52.8,52.97,9.84
Colombia 1,2026-27,Cúcuta Deportivo,22.0,3.0,8.0,11.0,17.0,22.7,24.0,43.0,-19.0,26.4,46.3,0.99,0.98,8.63,39.5,10.44,14.14,12.12,1.46,1.77,14.59,46.48,58.1,26.34,44.9,14.02,326.63,83.1,2.59,36.74,68.7,36.7,54.6,58.15,8.92
Colombia 1,2026-27,Millonarios,22.0,9.0,5.0,8.0,32.0,40.2,34.0,24.0,10.0,29.7,46.1,1.4,1.52,14.25,35.7,14.09,14.25,18.07,0.9,0.99,9.41,52.33,61.9,25.39,47.6,11.69,318.06,80.6,6.08,49.46,69.2,40.71,54.9,61.86,10.39
Colombia 1,2026-27,Alianza,22.0,3.0,9.0,10.0,18.0,24.0,17.0,33.0,-16.0,27.4,45.4,0.73,0.82,9.74,26.5,14.31,14.78,10.91,1.1,1.29,10.04,57.67,64.1,28.79,48.2,13.98,316.59,81.0,4.14,39.48,67.1,39.74,55.5,57.54,10.69
Colombia 1,2026-27,Boyacá Chicó,21.0,5.0,2.0,14.0,17.0,19.9,15.0,41.0,-26.0,26.2,45.4,0.65,0.74,8.46,30.6,8.33,12.14,8.98,1.33,1.77,11.4,55.84,59.4,26.3,43.2,12.71,301.96,82.0,3.93,42.45,67.2,36.58,51.7,53.38,8.68
Colombia 1,2026-27,Deportivo Pereira,21.0,1.0,8.0,12.0,11.0,17.3,15.0,33.0,-18.0,25.7,43.7,0.64,0.7,7.76,37.6,7.07,9.3,7.03,1.47,1.41,14.91,49.41,63.1,25.2,43.5,17.58,311.83,83.3,2.7,32.06,63.0,36.43,51.3,50.61,6.86
Ecuador 1,2026-27,Universidad Católica,24.0,11.0,6.0,7.0,39.0,38.5,39.0,21.0,18.0,28.7,58.3,1.51,1.33,12.25,33.1,12.37,13.91,16.04,0.87,0.73,9.93,45.14,57.9,18.12,50.3,9.82,403.36,85.0,3.67,55.61,73.3,37.41,55.3,64.53,12.83
Ecuador 1,2026-27,Independiente del Valle,24.0,20.0,1.0,3.0,61.0,48.3,58.0,22.0,36.0,26.4,58.2,2.25,1.85,15.35,36.7,18.34,14.38,21.26,0.74,0.85,8.12,41.23,63.4,21.41,52.3,14.02,407.29,85.2,2.02,52.38,76.2,39.29,58.0,63.61,14.34
Ecuador 1,2026-27,Guayaquil City,24.0,7.0,8.0,9.0,29.0,21.7,20.0,25.0,-5.0,28.5,54.8,0.76,0.79,6.7,40.7,6.89,8.55,9.38,1.46,0.95,13.62,41.35,59.2,21.72,43.2,12.47,404.07,86.1,3.78,45.47,66.2,40.21,52.3,54.17,8.7
Ecuador 1,2026-27,Aucas,24.0,12.0,5.0,7.0,41.0,40.1,29.0,25.0,4.0,25.7,53.6,1.06,1.16,10.82,40.0,12.18,14.71,15.37,0.84,0.92,8.25,48.92,59.8,22.89,49.8,12.2,399.35,85.0,2.16,48.26,75.2,34.29,53.9,60.4,14.71
Ecuador 1,2026-27,Orense,24.0,7.0,6.0,11.0,27.0,32.6,28.0,36.0,-8.0,27.5,53.3,1.02,1.13,10.21,35.2,10.79,12.35,14.16,1.08,1.31,9.62,48.45,58.5,24.33,44.3,11.28,360.54,83.6,1.6,47.65,71.7,37.08,55.4,57.75,10.79
Ecuador 1,2026-27,Barcelona,24.0,9.0,8.0,7.0,35.0,33.8,25.0,20.0,5.0,29.2,52.0,0.95,1.2,11.91,29.8,17.26,10.35,15.31,1.08,0.69,10.62,47.88,61.4,29.44,45.9,10.69,343.35,81.8,1.45,49.79,72.2,38.34,54.5,61.13,11.95
Ecuador 1,2026-27,LDU Quito,24.0,10.0,5.0,9.0,35.0,34.5,23.0,20.0,3.0,28.6,51.4,0.88,1.27,12.45,28.1,17.29,11.88,18.43,1.03,0.69,9.9,43.95,57.1,26.7,52.4,9.9,332.2,80.7,2.67,48.18,68.7,34.51,52.3,58.43,12.57
Ecuador 1,2026-27,Deportivo Cuenca,24.0,9.0,4.0,11.0,31.0,28.0,22.0,30.0,-8.0,28.1,49.4,0.85,1.01,10.24,29.7,13.08,11.24,10.39,1.2,1.08,12.97,51.1,57.3,25.4,47.4,17.01,353.61,83.4,2.04,45.13,67.7,41.33,52.7,55.87,10.2
Ecuador 1,2026-27,Emelec,24.0,7.0,8.0,9.0,29.0,30.8,19.0,28.0,-9.0,27.7,48.8,0.73,1.12,9.33,32.1,11.1,11.6,13.09,1.18,1.08,11.1,42.62,61.5,26.3,47.9,12.72,304.06,80.9,2.19,40.51,66.6,37.86,52.9,53.75,11.25
Ecuador 1,2026-27,Mushuc Runa,24.0,8.0,7.0,9.0,31.0,34.0,32.0,34.0,-2.0,27.3,48.4,1.17,1.19,11.24,34.2,13.21,14.13,12.74,1.13,1.24,9.7,41.61,59.6,22.51,47.3,13.87,299.35,80.7,1.94,40.41,64.9,39.67,51.9,56.0,11.97
Ecuador 1,2026-27,Macará,24.0,12.0,5.0,7.0,41.0,32.8,32.0,24.0,8.0,27.7,48.1,1.24,1.08,10.62,37.6,15.32,12.37,12.14,1.04,0.89,8.41,55.14,62.1,24.51,47.2,11.77,318.39,79.1,2.33,46.92,68.4,37.73,50.2,59.06,11.71
Ecuador 1,2026-27,Manta,24.0,4.0,5.0,15.0,17.0,28.1,11.0,30.0,-19.0,27.9,47.5,0.43,0.87,8.39,29.0,13.49,11.4,10.7,1.0,1.12,10.32,50.47,59.5,29.64,43.7,12.21,297.78,77.8,1.82,42.55,62.5,38.1,48.0,56.42,8.46
Ecuador 1,2026-27,Leones del Norte,24.0,8.0,8.0,8.0,32.0,28.5,24.0,25.0,-1.0,27.1,46.2,0.87,0.96,10.28,33.3,11.04,11.66,11.8,1.3,0.9,11.04,49.91,59.3,25.48,47.0,11.54,290.64,79.8,2.24,42.19,67.2,39.41,54.8,58.1,10.14
Ecuador 1,2026-27,Libertad,24.0,9.0,6.0,9.0,33.0,22.6,26.0,27.0,-1.0,28.4,45.3,1.01,0.85,9.36,36.0,9.67,10.83,10.06,1.5,1.01,14.66,45.5,53.0,25.23,48.6,14.82,300.88,79.9,2.75,43.45,66.4,42.1,51.3,57.81,9.36
Ecuador 1,2026-27,Técnico Universitario,24.0,8.0,2.0,14.0,26.0,26.8,20.0,32.0,-12.0,26.1,43.3,0.74,0.85,10.36,32.7,12.35,12.31,10.87,1.16,1.18,9.62,47.54,58.7,22.26,44.2,11.95,275.31,79.6,2.06,38.81,68.9,33.35,52.2,54.29,11.65
Ecuador 1,2026-27,Delfin,24.0,6.0,6.0,12.0,24.0,33.2,15.0,24.0,-9.0,25.3,40.1,0.55,0.99,8.66,34.7,11.59,12.03,11.41,1.01,0.88,10.27,48.89,60.9,32.82,44.0,13.48,240.59,74.9,2.02,34.66,59.6,42.1,53.1,53.77,7.78
Finland 1,2026-27,Inter Turku,19.0,9.0,8.0,2.0,35.0,36.9,25.0,14.0,11.0,23.6,57.9,1.23,1.72,12.82,36.0,19.39,17.92,26.86,0.91,0.69,7.81,48.95,64.0,26.22,49.3,11.06,483.78,85.4,2.31,52.78,71.7,42.37,52.6,73.9,15.71
Finland 1,2026-27,KuPS,19.0,11.0,7.0,1.0,40.0,33.7,34.0,17.0,17.0,26.4,57.0,1.67,1.92,14.57,37.8,14.38,11.87,25.31,1.21,0.84,8.96,46.67,59.1,27.32,51.2,12.04,499.38,86.1,2.22,57.06,74.5,42.83,53.6,76.46,12.9
Finland 1,2026-27,Lahti,19.0,7.0,5.0,7.0,26.0,28.4,22.0,16.0,6.0,24.6,54.9,1.08,1.7,11.98,32.1,11.64,14.3,18.74,1.31,0.79,9.12,49.81,61.1,29.84,49.4,10.17,420.66,82.5,1.58,49.66,68.3,42.95,54.3,71.8,10.8
Finland 1,2026-27,HJK,19.0,9.0,4.0,6.0,31.0,31.1,29.0,23.0,6.0,25.6,53.9,1.42,1.62,11.71,36.8,11.42,12.64,25.57,1.35,1.13,11.27,47.77,60.7,26.06,52.8,12.98,473.96,85.4,2.11,52.52,70.9,40.42,52.7,67.95,13.03
Finland 1,2026-27,SJK,19.0,4.0,6.0,9.0,18.0,26.9,24.0,29.0,-5.0,22.6,51.5,1.19,1.73,12.25,34.4,18.7,14.59,19.3,1.69,1.44,11.36,47.08,59.6,28.38,51.0,13.04,400.63,82.9,1.09,50.85,72.0,42.42,55.4,69.36,13.64
Finland 1,2026-27,Ilves,19.0,7.0,4.0,8.0,25.0,25.5,31.0,31.0,0.0,23.5,49.7,1.52,1.61,10.42,41.5,9.98,13.17,19.56,1.87,1.52,12.44,57.31,61.3,23.79,54.3,15.49,447.54,84.9,0.69,46.06,67.9,36.32,47.2,64.19,14.01
Finland 1,2026-27,VPS,19.0,8.0,6.0,5.0,30.0,29.1,27.0,18.0,9.0,24.5,48.6,1.33,1.65,10.85,42.1,14.19,9.03,19.25,1.29,0.88,10.56,52.78,60.3,37.86,45.8,9.85,364.37,79.3,1.33,53.42,62.2,49.25,53.2,69.72,7.32
Finland 1,2026-27,Mariehamn,19.0,0.0,5.0,14.0,5.0,11.8,9.0,41.0,-32.0,24.7,47.0,0.45,0.98,7.87,32.7,13.26,10.93,14.6,2.54,2.03,15.83,59.87,61.3,27.36,40.1,12.31,384.15,79.0,1.29,49.53,61.7,45.42,48.0,66.05,10.98
Finland 1,2026-27,Oulu,19.0,9.0,3.0,7.0,30.0,21.7,22.0,22.0,0.0,24.8,46.2,1.1,1.14,10.22,36.1,11.36,17.04,15.8,1.48,1.1,10.61,57.96,62.9,31.05,43.7,16.8,378.69,78.4,2.24,49.73,57.7,50.23,45.5,71.01,12.81
Finland 1,2026-27,TPS,19.0,7.0,5.0,7.0,26.0,24.0,24.0,21.0,3.0,24.4,45.7,1.18,1.3,10.54,38.1,10.3,14.66,15.4,1.46,1.03,12.56,52.33,59.3,26.19,46.8,12.72,342.93,81.3,1.91,50.03,69.4,35.02,49.4,62.78,13.49
Finland 1,2026-27,Jaro,19.0,3.0,6.0,10.0,15.0,21.4,18.0,38.0,-20.0,25.5,45.3,0.9,1.22,10.9,35.6,11.54,11.99,13.53,1.6,1.89,12.44,50.4,57.3,26.42,42.4,20.12,421.64,83.5,2.34,49.95,68.3,46.67,52.8,71.04,10.5
Finland 1,2026-27,Gnistan,19.0,8.0,5.0,6.0,29.0,27.1,29.0,24.0,5.0,25.8,41.3,1.42,1.48,10.74,37.7,14.59,12.89,17.57,1.37,1.17,11.96,55.88,58.0,33.97,46.7,13.81,299.04,75.8,1.66,43.88,60.7,47.49,49.2,61.89,8.83
Georgia 1,2026-27,Torpedo Kutaisi,20.0,7.0,6.0,7.0,27.0,28.2,30.0,20.0,10.0,27.8,56.1,1.39,1.23,10.32,36.8,15.18,15.22,16.38,1.13,0.93,9.9,55.62,59.7,28.87,49.5,10.67,412.1,85.7,3.05,46.18,76.5,37.16,59.0,70.38,13.42
Georgia 1,2026-27,Dinamo Batumi,20.0,7.0,7.0,6.0,28.0,27.9,30.0,32.0,-2.0,26.4,54.3,1.38,1.18,9.59,33.2,14.25,18.07,15.03,1.14,1.48,10.05,58.97,63.9,25.96,43.9,9.93,381.07,84.1,2.54,45.97,76.3,33.24,58.5,66.81,13.56
Georgia 1,2026-27,Iberia 1999,19.0,10.0,4.0,5.0,34.0,28.7,27.0,18.0,9.0,25.4,52.8,1.29,1.08,9.21,40.4,11.73,20.17,11.88,0.89,0.86,9.49,55.09,57.6,26.52,45.3,10.07,396.1,86.6,2.0,43.21,73.3,33.48,56.8,56.8,16.22
Georgia 1,2026-27,Dinamo Tbilisi,20.0,9.0,7.0,4.0,34.0,34.3,33.0,22.0,11.0,25.1,51.6,1.5,1.61,13.8,36.3,13.07,15.35,18.45,1.09,1.0,9.34,54.7,63.6,26.1,48.9,10.6,395.3,85.2,4.14,50.19,72.6,35.98,56.3,67.82,15.67
Georgia 1,2026-27,Spaeri,20.0,5.0,7.0,8.0,22.0,23.7,26.0,27.0,-1.0,27.4,50.7,1.2,1.16,10.21,38.3,11.22,17.52,15.68,1.48,1.24,12.46,62.22,63.0,25.39,37.7,10.92,384.1,84.7,3.27,44.93,72.4,37.2,55.9,64.52,14.44
Georgia 1,2026-27,Dila,19.0,8.0,2.0,9.0,26.0,25.0,21.0,19.0,2.0,24.3,49.2,1.0,1.11,10.08,32.7,12.81,19.41,13.96,1.16,0.91,8.84,48.08,61.3,24.9,45.5,13.36,352.11,84.3,3.2,44.55,71.4,34.22,50.3,52.29,17.35
Georgia 1,2026-27,Samgurali,20.0,8.0,4.0,8.0,28.0,29.5,27.0,33.0,-6.0,25.5,48.5,1.23,1.36,10.32,36.7,16.62,19.5,17.03,1.27,1.51,10.05,57.81,62.2,27.26,46.1,10.18,343.06,82.0,3.2,41.23,68.8,36.67,57.7,60.0,15.71
Georgia 1,2026-27,Meshakhte,20.0,1.0,8.0,11.0,11.0,19.0,14.0,36.0,-22.0,28.6,47.6,0.64,0.78,7.13,27.6,10.47,10.6,9.6,1.29,1.65,10.47,61.02,64.6,23.17,42.8,14.17,355.98,84.5,1.78,31.26,67.4,37.02,55.6,56.5,11.06
Georgia 1,2026-27,Gagra,20.0,5.0,8.0,7.0,23.0,23.8,20.0,26.0,-6.0,25.1,45.4,0.92,1.17,9.72,35.5,11.47,13.04,13.13,1.47,1.2,11.75,64.01,63.0,27.51,47.4,16.44,380.28,84.2,3.59,44.33,71.8,37.97,57.6,66.22,12.81
Georgia 1,2026-27,Rustavi,20.0,10.0,5.0,5.0,35.0,31.1,23.0,18.0,5.0,24.7,44.5,1.06,1.15,10.19,31.5,8.67,15.37,14.0,0.91,0.83,8.22,62.0,62.7,30.11,43.8,11.36,326.63,82.1,3.03,40.39,67.8,33.69,50.3,59.76,14.23
Iceland 1,2026-27,KR,18.0,12.0,3.0,3.0,39.0,32.2,64.0,39.0,25.0,25.7,61.4,3.73,2.97,21.46,40.8,19.13,23.45,37.62,1.77,2.04,11.14,54.07,56.6,25.43,49.8,8.26,497.19,82.2,1.22,56.34,71.9,34.53,50.7,79.27,20.65
Iceland 1,2026-27,Víkingur Reykjavík,18.0,14.0,3.0,1.0,45.0,39.9,58.0,16.0,42.0,28.0,59.8,3.2,2.79,17.7,40.5,19.3,18.31,29.34,0.92,0.88,7.0,43.46,57.4,24.93,52.4,9.33,474.15,84.8,0.72,51.95,71.9,42.63,58.2,71.08,14.94
Iceland 1,2026-27,Stjarnan,18.0,6.0,3.0,9.0,21.0,24.7,33.0,43.0,-10.0,27.4,57.2,1.81,2.0,14.74,39.4,20.49,15.45,24.7,1.98,2.25,15.34,46.12,50.5,22.62,49.2,11.24,430.77,81.9,1.42,51.98,66.0,46.18,54.3,70.88,13.04
Iceland 1,2026-27,Breidablik,18.0,8.0,5.0,5.0,29.0,21.6,36.0,30.0,6.0,26.3,53.8,1.86,1.75,12.13,35.7,15.96,16.73,22.56,2.09,1.55,14.3,49.98,54.9,24.48,46.2,11.27,431.46,81.0,1.24,52.72,64.1,50.03,48.3,74.46,12.6
Iceland 1,2026-27,ÍA,18.0,6.0,4.0,8.0,22.0,26.1,30.0,36.0,-6.0,25.9,49.7,1.55,2.09,14.11,34.1,15.46,11.99,21.56,2.06,1.86,14.06,51.28,52.5,35.31,49.6,10.81,366.57,78.1,1.19,44.82,60.8,48.28,50.5,69.79,11.68
Iceland 1,2026-27,ÍBV,18.0,4.0,5.0,9.0,17.0,20.9,29.0,38.0,-9.0,25.4,49.7,1.59,1.34,10.15,34.6,10.37,9.98,13.88,1.53,2.03,12.61,51.72,59.1,27.26,51.3,12.85,400.48,79.7,0.6,42.61,55.9,50.18,49.9,69.76,8.78
Iceland 1,2026-27,Valur,18.0,7.0,1.0,10.0,22.0,23.3,31.0,36.0,-5.0,27.8,47.9,1.61,1.83,13.43,36.7,11.87,15.29,18.09,2.02,1.87,16.69,56.3,52.1,27.01,53.4,12.19,411.84,82.2,2.02,41.16,63.1,46.4,49.2,67.71,11.77
Iceland 1,2026-27,KA,18.0,4.0,3.0,11.0,15.0,17.2,24.0,36.0,-12.0,26.4,47.4,1.23,1.43,13.29,34.2,15.08,17.33,18.6,2.31,1.84,15.79,59.49,54.5,29.54,43.9,12.82,349.57,78.0,0.77,48.6,64.7,50.65,53.7,69.2,12.62
Iceland 1,2026-27,Fram,18.0,11.0,4.0,3.0,37.0,31.9,45.0,34.0,11.0,26.4,46.0,2.49,2.24,15.58,36.2,17.68,14.2,26.35,1.46,1.6,10.99,50.39,55.9,31.16,47.7,11.84,370.28,78.7,0.55,52.15,63.6,46.57,49.2,68.56,13.26
Iceland 1,2026-27,Keflavík,18.0,6.0,4.0,8.0,22.0,24.7,28.0,34.0,-6.0,25.6,45.3,1.47,1.79,14.0,31.6,15.58,18.53,22.42,1.82,1.79,14.21,50.53,55.8,28.63,57.2,13.66,353.89,77.8,1.42,44.16,63.2,47.26,51.2,70.05,12.0
Iceland 1,2026-27,FH,18.0,3.0,8.0,7.0,17.0,22.3,22.0,32.0,-10.0,23.0,42.8,1.14,1.65,12.34,37.7,12.91,13.37,17.71,2.18,1.65,15.7,64.29,57.8,32.43,53.3,12.35,332.22,72.4,1.14,43.17,52.3,50.03,42.0,64.91,9.86
Iceland 1,2026-27,Thór,18.0,4.0,3.0,11.0,15.0,11.3,18.0,44.0,-26.0,24.3,41.0,0.93,1.23,9.66,31.0,11.99,11.99,14.83,2.67,2.27,18.75,59.78,55.3,27.8,42.4,14.99,301.77,73.5,1.19,39.47,55.2,42.93,47.8,58.95,8.99
Ireland 1,2026-27,Shamrock Rovers,27.0,16.0,6.0,5.0,54.0,44.3,43.0,24.0,19.0,26.6,61.9,1.47,1.55,12.44,35.0,15.05,20.12,20.73,1.17,0.82,9.05,53.02,60.4,33.35,45.5,9.55,519.09,85.0,3.7,60.97,67.8,49.9,53.7,77.32,16.62
Ireland 1,2026-27,Bohemians,27.0,12.0,8.0,7.0,44.0,45.8,42.0,31.0,11.0,25.6,58.4,1.43,1.57,13.35,34.5,14.1,15.4,19.46,1.12,1.06,8.43,54.8,65.4,43.7,47.5,9.75,447.06,81.8,3.14,52.41,65.3,47.36,48.8,74.53,15.06
Ireland 1,2026-27,Derry City,27.0,7.0,12.0,8.0,33.0,39.0,35.0,32.0,3.0,27.0,55.8,1.19,1.34,12.11,35.2,16.85,22.21,17.91,1.17,1.09,8.87,53.46,64.0,48.99,47.6,8.11,390.57,77.8,2.22,53.97,62.5,50.36,48.6,73.93,15.01
Ireland 1,2026-27,St. Patrick's Ath.,27.0,13.0,8.0,6.0,47.0,48.3,43.0,23.0,20.0,26.8,53.6,1.47,1.85,14.75,32.0,16.53,17.14,21.52,1.07,0.79,9.27,54.75,63.1,41.48,50.4,10.53,408.11,80.6,2.7,53.59,64.6,45.75,48.7,73.03,15.6
Ireland 1,2026-27,Shelbourne,26.0,8.0,10.0,8.0,34.0,42.2,36.0,38.0,-2.0,25.8,52.8,1.28,1.59,11.7,32.7,15.07,18.97,20.96,1.18,1.35,9.93,50.71,59.8,46.49,48.9,10.34,411.28,82.1,2.41,52.59,67.3,51.06,53.4,72.3,12.45
Ireland 1,2026-27,Dundalk,27.0,9.0,10.0,8.0,37.0,39.0,42.0,41.0,1.0,26.2,50.8,1.42,1.63,13.66,37.1,18.87,16.3,20.23,1.58,1.39,11.77,53.74,61.9,56.58,43.6,9.21,349.62,73.4,3.38,62.2,55.6,61.05,45.9,73.33,12.24
Ireland 1,2026-27,Sligo Rovers,27.0,5.0,7.0,15.0,22.0,23.2,23.0,45.0,-22.0,24.7,46.7,0.78,1.05,8.01,31.1,14.93,15.61,10.97,2.02,1.53,16.77,57.08,62.1,54.83,51.0,16.05,340.85,74.0,2.69,50.57,52.0,57.05,44.4,65.77,11.08
Ireland 1,2026-27,Drogheda United,27.0,6.0,10.0,11.0,28.0,28.6,31.0,43.0,-12.0,25.5,39.2,1.05,1.14,8.84,32.6,9.15,11.11,13.31,1.68,1.46,12.97,51.45,60.2,62.19,46.0,14.44,249.91,68.9,2.07,46.13,48.4,51.76,43.1,55.65,7.05
Ireland 1,2026-27,Galway United,26.0,7.0,9.0,10.0,30.0,34.7,33.0,40.0,-7.0,26.3,39.1,1.18,1.54,10.97,30.9,14.61,13.22,18.33,1.64,1.43,13.58,51.34,59.2,60.92,47.8,11.63,263.53,67.7,2.97,49.23,52.2,53.49,45.5,66.38,10.11
Ireland 1,2026-27,Waterford FC,27.0,6.0,10.0,11.0,28.0,27.6,37.0,48.0,-11.0,25.1,37.9,1.26,1.44,10.63,32.6,13.04,10.53,16.88,2.05,1.63,15.79,67.48,55.7,59.33,47.6,10.6,240.86,66.3,2.07,47.89,52.1,52.34,47.3,60.62,6.52
Japan 1,2026-27,Gamba Osaka,20.0,6.0,9.0,5.0,34.0,30.3,31.0,25.0,6.0,28.1,56.2,1.39,1.38,10.71,44.4,11.61,15.19,17.3,1.17,1.12,9.82,51.05,64.9,43.12,44.8,8.8,403.39,81.2,2.82,48.76,62.5,40.43,46.2,64.81,13.22
Japan 1,2026-27,Kashima Antlers,20.0,14.0,4.0,2.0,48.0,32.3,31.0,14.0,17.0,28.2,56.2,1.4,1.41,9.9,35.0,12.24,13.37,17.87,1.05,0.63,10.35,48.42,64.9,32.63,48.0,10.64,441.68,84.0,5.31,44.46,65.7,41.04,54.2,66.11,10.49
Japan 1,2026-27,Kashiwa Reysol,20.0,7.0,1.0,12.0,24.0,27.4,27.0,27.0,0.0,27.5,54.2,1.23,1.35,10.97,32.1,13.58,17.05,19.11,1.33,1.23,9.87,49.91,66.2,28.02,44.2,13.0,482.18,84.3,4.11,54.39,74.5,38.08,49.0,80.45,15.72
Japan 1,2026-27,Kyoto Sanga,20.0,6.0,5.0,9.0,27.0,25.0,22.0,32.0,-10.0,27.7,54.1,0.97,1.22,10.86,35.1,11.7,11.17,16.04,1.5,1.42,10.68,54.06,65.2,45.07,41.5,7.01,337.13,76.3,3.46,45.95,60.1,41.79,45.5,60.62,8.69
Japan 1,2026-27,Urawa Reds,20.0,7.0,5.0,8.0,22.0,27.5,26.0,21.0,5.0,28.5,53.6,1.18,1.21,11.74,32.6,13.29,15.42,16.38,1.19,0.96,11.38,55.78,63.5,34.58,44.6,10.47,418.88,84.0,3.09,52.23,68.2,45.55,52.7,68.71,11.42
Japan 1,2026-27,Tokyo,20.0,9.0,7.0,4.0,40.0,38.2,31.0,21.0,10.0,27.9,53.3,1.4,1.69,13.52,35.0,13.84,15.28,20.6,0.92,0.95,9.15,49.75,61.1,31.14,46.5,11.22,408.99,82.9,3.83,46.83,66.4,38.26,47.1,67.29,13.29
Japan 1,2026-27,Vissel Kobe,20.0,10.0,6.0,4.0,36.0,31.7,32.0,23.0,9.0,29.7,53.0,1.42,1.48,10.37,35.6,13.66,11.34,18.33,1.22,1.02,9.79,46.31,67.0,56.59,47.0,9.97,368.68,79.5,4.14,48.94,65.4,49.47,55.6,71.09,6.76
Japan 1,2026-27,Sanfrecce Hiroshima,20.0,10.0,4.0,6.0,36.0,35.0,32.0,22.0,10.0,28.5,52.5,1.43,1.57,12.92,33.6,16.32,13.01,21.01,1.02,0.98,8.49,53.87,62.2,44.58,46.5,8.53,382.58,79.3,4.29,57.9,64.9,45.87,50.3,75.87,9.88
Japan 1,2026-27,Nagoya Grampus,20.0,8.0,7.0,5.0,31.0,29.3,33.0,30.0,3.0,28.8,52.0,1.44,1.41,11.05,36.6,15.23,15.41,18.84,1.34,1.39,11.97,48.0,61.8,34.9,45.6,11.42,379.5,81.3,4.22,50.27,63.7,47.26,51.0,68.72,9.92
Japan 1,2026-27,Mito Hollyhock,20.0,2.0,8.0,10.0,18.0,24.2,19.0,37.0,-18.0,26.4,51.2,0.86,0.99,10.02,31.7,10.65,16.46,15.05,1.32,1.68,9.7,47.06,64.0,39.4,44.5,11.23,400.9,83.2,2.99,48.88,62.0,45.11,51.8,63.97,10.16
Japan 1,2026-27,Kawasaki Frontale,20.0,7.0,4.0,9.0,30.0,22.3,24.0,30.0,-6.0,27.9,51.2,1.08,1.12,10.36,32.2,13.78,15.0,18.47,1.49,1.35,11.94,45.77,61.7,28.78,43.3,14.78,446.22,84.9,4.1,50.59,70.3,40.05,51.6,66.85,12.3
Japan 1,2026-27,Shimizu S-Pulse,20.0,4.0,9.0,7.0,25.0,26.1,20.0,25.0,-5.0,27.9,50.3,0.89,0.95,8.75,30.5,13.86,11.86,14.17,1.07,1.11,9.24,47.62,64.7,55.79,45.2,10.51,336.37,77.4,3.02,55.22,63.3,49.26,54.5,68.5,7.37
Japan 1,2026-27,Cerezo Osaka,20.0,8.0,7.0,5.0,37.0,26.1,31.0,22.0,9.0,27.1,49.8,1.37,1.41,9.91,38.4,11.37,14.87,17.65,1.52,0.97,11.59,52.52,61.1,33.45,50.8,10.59,380.97,80.3,3.05,42.79,64.9,37.96,51.4,68.1,9.78
Japan 1,2026-27,Yokohama F. Marinos,20.0,7.0,3.0,10.0,22.0,27.4,32.0,30.0,2.0,27.0,47.5,1.43,1.17,9.4,30.5,11.05,13.2,14.23,1.17,1.34,9.17,48.11,62.5,37.86,45.7,12.38,324.29,78.5,2.64,49.77,57.6,41.89,43.8,58.09,8.86
Japan 1,2026-27,JEF United,20.0,3.0,4.0,13.0,10.0,20.8,21.0,35.0,-14.0,28.5,47.2,0.95,1.17,9.15,34.7,11.65,16.59,12.33,1.71,1.59,13.64,57.24,62.9,35.48,48.8,13.04,359.46,81.1,3.58,45.0,61.2,42.05,46.4,61.31,9.43
Japan 1,2026-27,V-Varen Nagasaki,20.0,8.0,2.0,10.0,27.0,20.3,22.0,28.0,-6.0,29.6,46.4,1.0,1.06,9.38,32.4,9.7,13.96,12.87,1.6,1.27,12.69,48.63,63.7,42.15,45.2,12.57,346.99,79.7,3.44,42.64,60.8,45.23,48.5,60.45,9.47
Japan 1,2026-27,Machida Zelvia,20.0,8.0,10.0,2.0,41.0,30.1,25.0,21.0,4.0,28.4,45.5,1.12,1.17,10.32,33.8,11.4,14.21,14.93,1.01,0.98,9.61,47.86,63.3,37.0,43.5,15.0,359.6,82.4,2.77,44.87,62.7,43.66,49.5,58.9,10.1
Japan 1,2026-27,Tokyo Verdy,20.0,7.0,5.0,8.0,32.0,23.5,22.0,30.0,-8.0,25.9,43.4,1.0,0.84,8.42,28.5,10.72,13.21,12.13,1.06,1.36,8.96,60.45,63.5,43.71,46.7,11.56,322.85,79.7,2.85,40.59,60.9,42.08,52.9,56.15,6.56
Japan 1,2026-27,Avispa Fukuoka,20.0,4.0,9.0,7.0,25.0,24.1,21.0,30.0,-9.0,26.6,41.7,0.93,0.94,9.22,34.1,10.02,12.68,13.74,1.13,1.33,9.49,49.34,62.2,45.04,42.8,11.94,295.58,78.6,2.22,43.09,62.0,39.55,45.4,54.22,6.47
Japan 1,2026-27,Fagiano Okayama,20.0,7.0,7.0,6.0,28.0,30.6,27.0,26.0,1.0,27.5,40.7,1.21,1.33,10.32,30.9,15.39,14.54,16.06,1.09,1.17,9.78,51.51,61.3,47.47,50.5,10.6,264.44,73.1,3.63,44.91,58.8,41.86,47.8,57.43,7.0
Japan 2,2026-27,Yokohama,20.0,10.0,3.0,7.0,36.0,36.9,38.0,29.0,9.0,26.5,58.8,1.73,1.63,13.6,33.8,17.1,17.46,19.56,0.86,1.32,8.6,50.93,68.7,41.52,45.3,8.9,397.34,80.7,3.82,51.34,65.6,52.89,53.8,75.04,9.6
Japan 2,2026-27,RB Omiya Ardija,20.0,10.0,2.0,8.0,33.0,32.2,41.0,31.0,10.0,25.8,57.4,1.87,1.61,13.3,34.9,16.44,18.36,20.91,1.21,1.41,11.61,56.07,63.6,43.36,45.5,7.08,405.46,79.4,6.15,53.02,62.6,48.01,47.0,71.46,9.97
Japan 2,2026-27,Sagan Tosu,20.0,9.0,6.0,5.0,33.0,31.6,26.0,17.0,9.0,25.3,56.6,1.19,1.07,11.5,31.9,13.56,18.0,16.26,0.78,0.78,7.56,44.02,68.6,35.86,45.6,11.03,463.97,85.4,3.34,47.63,70.0,39.85,47.6,63.62,10.17
Japan 2,2026-27,Nara Club,20.0,6.0,5.0,9.0,27.0,19.4,30.0,37.0,-7.0,26.0,55.4,1.35,0.97,8.06,41.3,9.68,12.79,12.7,1.53,1.67,13.73,50.97,61.6,28.54,46.7,12.84,475.57,84.4,6.71,50.43,63.6,44.21,44.1,69.69,11.03
Japan 2,2026-27,Tochigi City,20.0,6.0,5.0,9.0,27.0,23.8,25.0,36.0,-11.0,29.5,55.0,1.14,1.16,9.93,34.4,14.67,19.91,15.04,1.43,1.69,12.21,52.77,62.1,45.84,49.4,9.01,381.37,79.4,5.29,50.86,58.1,48.9,47.1,70.5,10.94
Japan 2,2026-27,Kataller Toyama,20.0,11.0,5.0,4.0,42.0,36.6,38.0,25.0,13.0,26.0,54.9,1.71,1.75,15.45,33.5,14.73,21.44,21.76,1.08,1.13,9.86,55.14,63.9,33.38,44.3,10.97,466.89,83.5,4.37,48.65,68.0,37.21,46.1,67.84,13.29
Japan 2,2026-27,Consadole Sapporo,20.0,9.0,4.0,7.0,33.0,26.7,27.0,23.0,4.0,26.6,54.8,1.2,1.3,10.26,29.0,11.64,13.86,16.3,1.39,1.02,10.84,53.75,66.0,39.49,46.5,10.75,461.51,82.6,5.38,55.31,62.7,50.55,46.7,72.81,10.04
Japan 2,2026-27,Ehime,20.0,8.0,3.0,9.0,27.0,28.6,25.0,20.0,5.0,26.0,53.4,1.15,1.19,11.74,32.4,14.26,18.43,18.66,1.11,0.92,10.04,55.34,65.0,41.81,45.8,9.54,459.58,83.1,3.9,57.04,67.4,37.0,48.1,68.73,12.06
Japan 2,2026-27,Shonan Bellmare,20.0,8.0,5.0,7.0,33.0,26.0,26.0,21.0,5.0,28.4,53.4,1.17,1.07,9.12,32.5,12.71,17.34,15.31,1.11,0.99,11.77,57.66,63.7,47.02,44.0,8.58,372.8,78.5,4.31,49.99,58.9,48.19,47.1,65.3,8.62
Japan 2,2026-27,Thespa Gunma,20.0,6.0,4.0,10.0,21.0,21.5,27.0,41.0,-14.0,24.6,53.3,1.24,1.09,9.35,38.4,14.09,15.24,14.23,1.6,1.89,13.58,53.22,63.7,43.83,47.1,10.59,397.34,81.1,5.29,45.25,58.0,47.55,49.4,66.34,10.86
Japan 2,2026-27,Fujieda MYFC,20.0,7.0,10.0,3.0,30.0,27.2,23.0,18.0,5.0,24.5,52.7,1.04,1.19,11.01,30.0,11.87,18.12,16.22,1.2,0.95,10.37,59.02,67.1,41.58,43.9,9.61,360.45,77.8,3.58,45.75,57.5,44.3,44.6,64.09,11.37
Japan 2,2026-27,Fukushima United,20.0,5.0,5.0,10.0,24.0,22.4,30.0,42.0,-12.0,26.9,52.6,1.37,1.31,10.58,33.6,7.61,18.33,16.69,1.75,1.91,13.95,58.54,66.2,41.44,43.6,10.38,445.26,83.4,3.97,47.96,64.8,44.45,46.7,67.48,9.35
Japan 2,2026-27,Gifu,20.0,9.0,4.0,7.0,30.0,33.5,26.0,27.0,-1.0,28.6,52.5,1.17,1.55,12.5,35.7,16.2,17.32,20.12,1.05,1.22,8.35,51.52,66.8,40.69,45.0,10.38,425.14,80.8,4.6,55.98,67.2,45.47,46.0,75.61,10.42
Japan 2,2026-27,Vegalta Sendai,20.0,13.0,5.0,2.0,54.0,33.1,34.0,15.0,19.0,26.4,52.4,1.54,1.37,11.91,33.1,13.72,17.84,14.89,0.94,0.72,8.38,53.92,66.7,44.41,47.0,9.28,357.87,80.0,5.43,47.31,61.4,45.23,52.2,67.55,11.27
Japan 2,2026-27,Oita Trinita,20.0,7.0,4.0,9.0,24.0,27.7,22.0,21.0,1.0,27.4,51.9,1.0,1.13,9.7,30.4,13.6,13.64,16.13,1.03,1.0,10.42,55.47,66.1,51.03,48.9,11.3,395.89,81.7,3.31,50.57,65.9,50.21,53.8,69.2,10.24
Japan 2,2026-27,Renofa Yamaguchi,20.0,7.0,6.0,7.0,33.0,30.7,27.0,26.0,1.0,27.3,51.2,1.22,1.38,10.5,33.2,14.52,13.67,16.92,1.14,1.18,11.04,54.62,66.4,53.39,48.0,10.42,397.6,80.2,4.03,52.22,63.4,53.71,52.5,74.89,9.46
Japan 2,2026-27,Tokushima Vortis,20.0,11.0,3.0,6.0,39.0,27.8,41.0,23.0,18.0,27.7,51.2,1.88,1.18,9.8,46.3,12.04,16.62,14.65,1.18,1.05,10.94,52.55,67.2,30.85,40.4,13.18,398.04,82.7,4.62,38.45,62.3,45.27,50.5,63.54,10.62
Japan 2,2026-27,Tegevajaro Miyazaki,20.0,16.0,2.0,2.0,48.0,36.7,37.0,13.0,24.0,26.4,50.9,1.7,1.29,10.86,36.0,16.57,15.28,15.19,0.66,0.6,8.1,50.36,67.2,50.46,48.2,11.44,368.15,81.3,3.59,45.99,64.5,43.6,55.8,64.96,11.0
Japan 2,2026-27,Ryūkyū,20.0,3.0,8.0,9.0,21.0,18.6,16.0,27.0,-11.0,27.3,50.7,0.72,0.89,9.41,26.9,11.99,11.22,13.48,1.5,1.22,12.71,56.29,70.5,44.93,40.0,12.77,377.65,79.4,4.43,49.95,60.6,47.78,46.0,68.14,7.96
Japan 2,2026-27,Giravanz Kitakyushu,20.0,4.0,4.0,12.0,12.0,19.5,19.0,36.0,-17.0,25.7,50.7,0.86,0.89,9.28,31.7,10.77,15.2,12.44,1.52,1.67,12.62,49.59,60.6,48.87,40.7,11.75,373.71,82.0,4.03,46.74,60.3,45.2,47.5,61.09,9.73
Japan 2,2026-27,Roasso Kumamoto,20.0,9.0,2.0,9.0,30.0,23.0,21.0,23.0,-2.0,25.2,50.1,0.98,0.85,9.39,29.2,11.2,14.59,14.26,1.19,1.07,10.55,56.73,67.2,45.02,42.1,10.12,411.71,80.8,5.25,54.97,60.7,49.53,44.2,68.44,11.43
Japan 2,2026-27,Kochi United,20.0,8.0,5.0,7.0,30.0,28.3,26.0,25.0,1.0,26.8,49.8,1.18,1.13,9.87,33.2,10.46,11.41,12.96,1.0,1.18,8.91,50.62,67.5,42.11,45.0,12.17,410.3,81.8,2.82,49.48,58.5,49.25,41.0,61.03,9.23
Japan 2,2026-27,Júbilo Iwata,20.0,5.0,8.0,7.0,27.0,28.9,19.0,26.0,-7.0,29.6,49.3,0.84,1.19,9.34,28.8,15.29,11.63,14.45,1.12,1.23,10.18,57.18,64.6,53.04,44.9,10.92,351.76,78.0,4.63,46.61,59.7,50.0,49.7,67.31,9.43
Japan 2,2026-27,Iwaki,20.0,7.0,7.0,6.0,36.0,33.9,23.0,21.0,2.0,24.3,48.9,1.04,1.44,12.71,28.1,14.92,16.82,20.08,0.94,0.95,8.59,54.99,67.3,58.39,51.4,7.32,287.01,73.7,3.17,46.85,59.2,41.43,48.6,63.54,8.46
Japan 2,2026-27,Albirex Niigata,20.0,9.0,7.0,4.0,39.0,25.6,21.0,17.0,4.0,27.3,48.6,0.94,0.95,8.64,36.8,12.31,14.59,12.93,1.1,0.81,10.61,52.36,66.2,41.4,41.2,11.32,369.8,80.3,4.83,49.09,62.2,43.72,47.9,66.91,11.95
Japan 2,2026-27,Tochigi SC,20.0,4.0,7.0,9.0,18.0,29.1,24.0,29.0,-5.0,26.0,47.9,1.07,1.07,10.79,36.2,12.52,15.85,13.28,0.95,1.29,8.66,55.06,62.3,55.41,48.5,9.74,330.12,76.6,3.77,48.84,58.2,46.75,45.3,64.38,11.54
Japan 2,2026-27,Osaka,20.0,3.0,10.0,7.0,21.0,34.0,16.0,19.0,-3.0,27.8,47.7,0.71,1.48,12.96,25.6,22.6,18.31,20.52,1.0,0.93,8.62,54.57,65.3,54.49,46.4,9.11,323.12,74.7,4.69,57.36,59.1,48.43,47.9,67.93,8.98
Japan 2,2026-27,Zweigen Kanazawa,20.0,6.0,7.0,7.0,33.0,26.6,20.0,25.0,-5.0,28.3,47.6,0.92,1.15,10.1,30.0,15.97,16.29,15.97,1.24,1.15,11.2,58.52,62.7,54.43,49.3,10.2,352.38,78.0,3.99,50.35,58.4,44.7,44.9,64.39,9.45
Japan 2,2026-27,Imabari,20.0,5.0,5.0,10.0,21.0,26.4,16.0,21.0,-5.0,26.3,47.5,0.72,0.95,9.84,31.2,13.68,15.75,15.62,1.05,0.95,9.7,55.97,66.7,48.16,43.6,11.21,332.96,76.7,4.11,48.66,62.2,50.42,49.9,68.2,9.21
Japan 2,2026-27,Montedio Yamagata,20.0,6.0,3.0,11.0,24.0,19.6,21.0,27.0,-6.0,26.8,47.3,0.95,0.95,9.18,32.8,10.58,12.79,12.88,1.51,1.26,12.92,54.97,64.3,47.0,41.3,11.27,339.38,79.4,3.2,43.76,58.2,44.17,46.1,63.3,9.27
Japan 2,2026-27,Ventforet Kofu,20.0,10.0,3.0,7.0,36.0,22.6,22.0,16.0,6.0,27.2,47.3,1.01,0.98,8.53,32.4,13.42,14.3,13.84,1.36,0.74,10.66,62.6,65.0,51.44,44.3,8.92,340.26,77.5,4.94,51.76,57.8,50.65,47.5,65.27,7.33
Japan 2,2026-27,Gainare Tottori,20.0,7.0,6.0,7.0,36.0,22.5,24.0,26.0,-2.0,24.9,47.0,1.09,0.92,8.47,33.3,10.15,12.06,12.66,1.22,1.18,12.84,54.08,63.2,46.75,42.3,12.63,369.56,80.4,4.87,48.76,57.9,44.93,45.8,61.91,8.1
Japan 2,2026-27,Vanraure Hachinohe,20.0,4.0,7.0,9.0,18.0,30.8,16.0,21.0,-5.0,28.1,44.8,0.73,0.98,10.31,29.5,17.62,16.71,15.76,0.8,0.95,7.04,65.8,66.0,60.98,42.4,8.65,286.85,71.1,4.0,51.4,54.9,55.81,46.6,65.93,7.17
Japan 2,2026-27,Parceiro Nagano,20.0,3.0,7.0,10.0,21.0,17.4,15.0,33.0,-18.0,27.5,44.7,0.67,0.73,7.69,31.4,11.09,16.81,11.27,1.61,1.48,12.21,56.42,66.2,54.99,39.3,9.86,309.21,75.1,3.93,48.11,56.9,50.16,49.1,62.59,6.89
Japan 2,2026-27,Blaublitz Akita,20.0,11.0,3.0,6.0,36.0,29.6,24.0,17.0,7.0,28.8,44.5,1.08,1.13,9.93,29.5,14.09,14.27,14.9,1.01,0.77,9.26,56.18,62.2,72.21,48.1,7.53,237.58,64.9,4.15,52.02,53.3,53.24,47.2,65.12,3.93
Japan 2,2026-27,Matsumoto Yamaga,20.0,6.0,7.0,7.0,27.0,30.9,32.0,24.0,8.0,25.6,43.4,1.44,1.27,11.27,35.1,11.23,12.49,15.63,0.97,1.08,9.61,62.2,66.6,56.09,45.6,8.98,285.76,72.9,4.49,46.08,52.9,48.37,43.8,61.62,6.56
Japan 2,2026-27,Kagoshima United,20.0,9.0,6.0,5.0,42.0,37.2,25.0,15.0,10.0,26.7,42.9,1.13,1.3,12.68,33.8,17.33,15.48,20.67,0.56,0.68,5.15,47.89,68.3,67.97,47.3,9.88,267.43,69.6,4.06,54.12,58.2,50.37,47.8,62.92,6.45
Japan 2,2026-27,Reilac Shiga,20.0,6.0,3.0,11.0,24.0,22.0,16.0,31.0,-15.0,28.4,42.7,0.72,0.91,8.6,27.4,12.68,12.13,13.81,1.27,1.4,12.09,56.91,68.1,53.42,44.0,14.87,315.41,76.2,2.72,44.0,55.0,46.27,45.6,60.48,6.7
Japan 2,2026-27,Sagamihara,20.0,8.0,6.0,6.0,33.0,29.2,35.0,34.0,1.0,25.6,41.5,1.57,1.41,11.05,38.9,13.34,14.99,15.98,1.33,1.61,11.82,55.32,62.1,62.52,41.3,7.53,218.26,62.9,2.77,42.96,49.3,45.69,42.6,56.79,6.53
Japan 2,2026-27,Kamatamare Sanuki,20.0,6.0,4.0,10.0,21.0,20.8,17.0,33.0,-16.0,26.2,40.7,0.77,0.9,8.92,26.0,9.74,10.79,11.24,1.4,1.5,10.93,59.14,66.9,57.04,43.3,10.54,262.58,70.0,3.19,49.07,49.6,52.12,39.8,58.04,5.64
Kazakhstan 1,2026-27,Astana,20.0,11.0,5.0,4.0,38.0,38.2,33.0,21.0,12.0,27.9,60.3,1.52,1.74,15.06,37.7,14.46,17.65,20.98,0.94,0.97,10.21,53.55,58.7,27.26,48.8,9.6,501.1,88.0,2.68,54.61,74.5,44.12,60.8,72.17,14.69
Kazakhstan 1,2026-27,Kairat,20.0,13.0,6.0,1.0,45.0,38.9,39.0,14.0,25.0,26.0,57.1,1.8,1.7,14.73,35.3,16.25,17.95,18.87,0.85,0.64,8.29,51.38,61.0,40.97,46.0,8.87,404.65,83.2,3.96,57.59,69.0,41.8,52.5,66.75,13.12
Kazakhstan 1,2026-27,Ordabasy,21.0,15.0,4.0,2.0,49.0,44.3,40.0,15.0,25.0,28.5,55.9,1.75,1.97,15.83,36.2,18.45,16.79,23.62,0.81,0.66,7.26,45.52,59.5,36.21,51.0,9.03,380.82,83.2,3.63,54.23,73.9,38.88,56.5,68.92,15.7
Kazakhstan 1,2026-27,Tobol,20.0,6.0,4.0,10.0,22.0,25.6,21.0,28.0,-7.0,28.8,53.8,0.97,1.26,12.52,28.3,12.98,16.61,17.16,1.49,1.29,12.98,51.76,60.4,36.53,47.5,8.65,349.56,81.9,2.85,51.17,68.9,39.29,54.0,64.92,11.69
Kazakhstan 1,2026-27,Aktobe,21.0,9.0,5.0,7.0,32.0,28.3,30.0,25.0,5.0,30.4,53.8,1.3,1.2,11.96,34.2,12.48,17.35,15.17,1.27,1.09,11.3,47.13,58.0,38.48,50.7,9.0,342.91,82.1,2.78,42.43,64.4,40.43,55.2,59.17,11.17
Kazakhstan 1,2026-27,Irtysh,20.0,3.0,8.0,9.0,17.0,28.7,20.0,28.0,-8.0,26.6,51.3,0.9,1.44,11.03,37.7,12.48,16.91,15.82,1.36,1.27,11.57,51.49,54.5,32.14,45.0,10.43,332.65,80.6,3.12,45.61,67.1,38.47,49.8,60.66,13.97
Kazakhstan 1,2026-27,Yelimay Semey,20.0,8.0,7.0,5.0,31.0,33.6,29.0,24.0,5.0,26.3,51.1,1.4,1.63,13.15,30.5,13.63,19.24,17.74,1.1,1.11,9.43,57.71,64.0,42.0,46.1,7.51,285.61,77.0,3.53,44.47,62.3,42.73,51.7,60.13,10.73
Kazakhstan 1,2026-27,Okzhetpes,21.0,9.0,6.0,6.0,33.0,26.8,30.0,29.0,1.0,26.3,50.9,1.31,1.39,12.51,33.1,14.91,15.22,15.7,1.6,1.26,13.47,52.5,60.0,36.19,48.8,10.41,331.7,79.2,3.27,49.45,61.6,48.18,51.0,65.71,11.25
Kazakhstan 1,2026-27,Zhetysu,21.0,4.0,7.0,10.0,19.0,23.5,23.0,34.0,-11.0,28.9,50.8,0.98,1.0,8.91,34.1,13.44,9.16,13.06,1.35,1.46,10.4,53.82,58.2,33.57,42.0,9.93,338.63,80.1,2.27,43.76,63.1,48.9,55.8,63.92,8.26
Kazakhstan 1,2026-27,Ulytau,21.0,7.0,7.0,7.0,28.0,23.7,17.0,21.0,-4.0,29.4,50.8,0.75,1.01,10.08,31.7,14.2,16.75,12.36,1.32,0.92,11.49,51.03,57.5,34.37,42.0,11.42,331.51,79.3,4.78,47.17,66.4,45.42,50.5,68.12,12.98
Kazakhstan 1,2026-27,Zhenys,20.0,5.0,8.0,7.0,23.0,22.2,17.0,23.0,-6.0,30.5,49.8,0.79,0.92,9.39,34.0,13.09,10.87,14.38,1.22,1.06,10.64,53.14,60.9,42.36,44.2,11.16,323.23,80.7,4.39,47.5,66.3,55.59,59.2,66.23,9.71
Kazakhstan 1,2026-27,Caspiy,21.0,6.0,4.0,11.0,22.0,24.1,22.0,29.0,-7.0,24.2,45.2,0.95,1.06,8.21,33.7,9.25,14.99,13.26,1.49,1.25,13.96,48.65,58.4,31.2,42.9,14.2,285.25,79.6,2.16,36.29,60.6,39.58,50.7,52.71,9.38
Kazakhstan 1,2026-27,Kaisar,20.0,3.0,11.0,6.0,20.0,20.0,15.0,22.0,-7.0,27.0,44.5,0.72,0.86,9.89,32.4,10.65,13.71,10.75,1.35,1.0,12.37,54.98,56.3,39.75,41.5,11.64,301.29,77.9,3.44,41.46,58.4,45.76,46.5,57.18,9.46
Kazakhstan 1,2026-27,Kyzyl-Zhar,21.0,6.0,5.0,10.0,23.0,25.5,25.0,30.0,-5.0,28.8,43.6,1.09,1.14,9.49,38.1,9.84,12.62,12.4,1.32,1.31,12.27,53.88,57.0,40.95,46.5,10.53,264.04,75.8,2.96,42.04,57.5,40.0,49.7,56.79,7.01
Kazakhstan 1,2026-27,Altay,21.0,3.0,8.0,10.0,17.0,26.7,18.0,32.0,-14.0,26.7,41.8,0.79,1.23,10.59,33.8,10.81,14.91,13.9,1.45,1.41,11.87,58.01,61.3,36.35,44.7,14.27,289.46,76.8,2.96,42.4,58.7,45.62,51.6,61.15,9.13
Kazakhstan 1,2026-27,Atyrau,20.0,3.0,11.0,6.0,20.0,19.8,15.0,19.0,-4.0,29.5,38.3,0.69,0.8,6.89,33.3,9.92,8.63,12.4,1.35,0.87,12.26,50.05,62.1,36.0,44.0,16.28,246.35,71.9,2.89,39.77,52.3,50.1,47.7,55.84,7.48
Korea 1,2026-27,Gimcheon Sangmu,22.0,4.0,12.0,6.0,24.0,27.7,22.0,28.0,-6.0,25.8,56.6,0.89,1.13,10.38,30.4,13.69,14.09,16.23,1.32,1.13,9.0,50.43,61.7,36.18,46.7,10.63,422.91,85.4,3.63,43.89,70.7,38.12,59.4,63.11,11.59
Korea 1,2026-27,Jeonbuk Motors,22.0,9.0,7.0,6.0,34.0,37.3,28.0,19.0,9.0,28.2,56.5,1.11,1.54,12.34,36.5,16.14,13.02,20.06,1.11,0.75,8.74,42.65,63.8,34.58,49.5,10.87,423.18,86.9,1.9,43.08,74.6,35.53,58.0,59.02,13.41
Korea 1,2026-27,Seoul,22.0,13.0,5.0,4.0,44.0,35.4,35.0,17.0,18.0,28.4,54.8,1.39,1.37,10.07,35.4,14.58,16.09,17.79,0.98,0.67,8.76,45.69,60.2,31.98,44.0,10.73,384.25,84.5,2.85,42.92,69.6,38.6,57.0,60.12,10.94
Korea 1,2026-27,Daejeon Citizen,22.0,6.0,8.0,8.0,26.0,29.0,27.0,24.0,3.0,29.3,53.9,1.08,1.23,10.15,34.9,14.97,14.06,18.12,1.27,0.96,10.15,46.75,61.1,37.27,48.3,11.0,412.92,84.2,2.63,47.43,69.3,41.02,58.9,63.96,10.87
Korea 1,2026-27,Gangwon,21.0,8.0,8.0,5.0,32.0,33.1,25.0,17.0,8.0,27.5,52.4,1.05,1.24,11.34,34.6,14.92,12.1,17.2,0.98,0.72,7.71,51.93,62.1,45.23,45.8,8.19,356.8,79.7,2.49,55.35,67.4,46.37,56.4,64.45,10.33
Korea 1,2026-27,Incheon United,21.0,8.0,5.0,8.0,29.0,36.4,28.0,24.0,4.0,29.2,52.3,1.16,1.34,9.31,36.0,13.28,15.48,14.65,0.81,0.99,7.82,43.99,60.4,29.96,44.6,12.44,401.79,84.7,2.57,41.13,68.1,37.57,52.8,55.86,11.92
Korea 1,2026-27,Pohang Steelers,22.0,8.0,4.0,10.0,28.0,34.5,20.0,24.0,-4.0,27.2,51.5,0.81,1.2,9.08,30.2,11.18,12.07,14.37,0.95,0.97,9.04,45.28,62.7,37.7,48.1,12.68,376.55,84.9,2.58,40.48,67.0,39.35,59.1,55.25,8.72
Korea 1,2026-27,Gwangju,22.0,1.0,8.0,13.0,11.0,13.9,11.0,47.0,-36.0,27.0,47.7,0.46,0.6,6.55,33.5,10.26,14.66,9.71,1.61,1.98,12.54,48.53,57.2,31.3,40.9,14.54,358.61,85.0,1.77,35.52,67.4,34.76,53.8,53.85,10.6
Korea 1,2026-27,Ulsan Hyundai,22.0,11.0,4.0,7.0,37.0,36.3,35.0,30.0,5.0,28.8,46.1,1.41,1.6,12.13,36.8,12.53,14.74,18.07,1.25,1.2,10.84,50.68,62.7,30.44,49.7,15.32,367.47,83.6,2.13,37.87,70.9,34.82,54.2,58.63,10.84
Korea 1,2026-27,Jeju SK,22.0,8.0,7.0,7.0,31.0,30.4,25.0,24.0,1.0,27.9,44.9,1.0,1.08,10.52,35.4,11.93,14.97,13.45,1.12,0.96,10.24,50.42,60.5,34.98,46.8,12.34,328.47,82.7,1.28,39.74,71.5,35.62,54.2,54.5,10.84
Korea 1,2026-27,Anyang,22.0,7.0,9.0,6.0,30.0,23.6,30.0,28.0,2.0,29.7,43.4,1.18,1.07,8.79,39.0,9.27,9.94,12.27,1.5,1.1,11.95,51.19,60.8,38.77,46.8,12.42,323.12,81.6,2.29,35.18,66.5,34.63,54.4,53.68,8.56
Korea 1,2026-27,Bucheon 1995,22.0,5.0,9.0,8.0,24.0,20.8,21.0,25.0,-4.0,28.0,39.3,0.87,0.84,8.1,34.9,9.02,12.92,10.76,1.36,1.04,12.17,45.12,57.6,39.47,45.3,15.87,271.83,80.2,1.62,36.07,65.4,33.78,52.4,48.74,7.31
Korea 2,2026-27,Suwon Bluewings,20.0,12.0,4.0,4.0,40.0,36.9,29.0,17.0,12.0,26.0,58.9,1.27,1.44,11.78,37.8,17.97,18.19,18.85,0.73,0.74,7.42,44.93,63.9,34.03,47.9,8.7,388.44,84.3,1.66,47.38,73.5,32.28,55.7,57.59,13.26
Korea 2,2026-27,Seongnam,19.0,5.0,8.0,6.0,23.0,29.0,20.0,22.0,-2.0,27.2,56.4,0.93,1.28,11.06,31.5,15.61,15.47,16.08,1.01,1.02,9.71,43.26,62.7,28.67,50.7,11.04,420.22,84.1,2.79,46.0,70.7,35.27,53.5,59.1,11.29
Korea 2,2026-27,Daegu,20.0,10.0,5.0,5.0,35.0,33.3,39.0,30.0,9.0,26.8,54.1,1.71,1.72,12.33,39.5,14.7,16.06,18.21,1.29,1.32,10.53,45.72,60.2,34.14,50.8,10.71,361.45,83.2,2.06,41.29,69.1,36.07,54.7,54.15,11.8
Korea 2,2026-27,Chungbuk Cheongju,20.0,2.0,13.0,5.0,19.0,24.5,23.0,33.0,-10.0,26.4,54.0,1.02,1.1,9.78,33.6,12.23,16.76,14.23,1.3,1.47,9.52,51.27,63.3,37.97,43.6,12.21,384.41,84.1,2.18,44.02,71.3,40.29,57.7,61.54,14.01
Korea 2,2026-27,Seoul E-Land,20.0,11.0,4.0,5.0,37.0,34.6,36.0,25.0,11.0,26.6,50.8,1.58,1.55,11.44,40.4,12.93,14.56,17.55,1.07,1.1,9.37,48.34,59.7,35.28,54.2,9.97,408.65,84.9,1.98,46.72,71.0,36.11,58.3,60.75,9.41
Korea 2,2026-27,Suwon,19.0,10.0,6.0,3.0,36.0,27.4,39.0,24.0,15.0,27.3,50.8,1.81,1.54,11.68,37.3,11.17,11.73,16.88,1.43,1.11,10.06,45.07,59.4,31.16,47.9,11.5,369.09,83.5,2.27,41.59,71.5,35.01,55.8,59.91,9.92
Korea 2,2026-27,Chungnam Asan,20.0,7.0,7.0,6.0,28.0,28.4,29.0,24.0,5.0,29.7,50.6,1.28,1.24,10.81,39.8,13.33,14.04,17.05,1.18,1.06,10.14,49.87,60.8,37.51,46.8,11.26,372.62,82.5,3.32,46.9,68.9,42.17,55.4,66.26,8.33
Korea 2,2026-27,Gyeongnam,20.0,6.0,7.0,7.0,25.0,29.9,27.0,28.0,-1.0,26.6,50.5,1.19,1.06,10.27,31.3,11.72,14.5,12.61,0.96,1.23,9.56,55.09,57.1,36.23,48.4,10.31,352.9,82.6,2.25,39.8,61.4,37.29,50.5,56.33,9.61
Korea 2,2026-27,Gimpo Citizen,20.0,7.0,9.0,4.0,30.0,33.0,25.0,21.0,4.0,30.3,49.8,1.1,1.3,11.34,34.2,15.31,13.9,16.37,0.89,0.93,8.51,50.51,59.9,34.15,44.6,10.25,381.13,81.8,2.65,47.82,66.9,38.29,52.6,63.53,9.71
Korea 2,2026-27,Cheonan City,20.0,4.0,8.0,8.0,20.0,23.5,26.0,29.0,-3.0,26.6,49.5,1.13,1.21,10.73,33.2,13.38,11.9,13.07,1.53,1.26,12.12,47.13,58.8,36.44,47.4,10.87,355.31,80.7,2.78,51.47,66.7,46.09,55.7,64.94,8.12
Korea 2,2026-27,Jeonnam Dragons,19.0,2.0,7.0,10.0,13.0,23.5,21.0,34.0,-13.0,28.3,47.7,0.97,1.06,10.53,32.0,11.0,15.25,14.23,1.29,1.57,10.16,53.96,59.2,36.13,46.8,10.87,348.73,82.1,1.48,42.83,63.6,40.01,53.7,54.56,9.79
Korea 2,2026-27,Busan I'Park,20.0,11.0,3.0,6.0,36.0,26.5,37.0,29.0,8.0,27.8,47.7,1.63,1.44,11.17,36.6,11.48,13.81,16.5,1.47,1.28,11.04,50.89,58.3,31.76,41.8,12.37,343.99,81.7,1.45,41.96,64.9,35.76,48.7,55.12,9.94
Korea 2,2026-27,Yongin,20.0,4.0,10.0,6.0,22.0,26.7,25.0,29.0,-4.0,28.6,47.4,1.1,1.09,7.9,38.5,10.2,14.0,12.06,1.17,1.28,9.89,50.48,60.6,32.99,46.5,11.75,327.5,82.4,1.81,36.17,63.1,36.52,51.9,50.3,9.54
Korea 2,2026-27,Ansan Greeners,20.0,5.0,4.0,11.0,19.0,16.4,21.0,37.0,-16.0,26.8,46.6,0.92,0.88,7.63,42.0,7.72,13.16,8.73,1.73,1.62,14.69,49.61,59.7,29.39,44.5,14.84,362.72,82.1,2.41,38.29,62.4,35.96,46.7,56.32,9.12
Korea 2,2026-27,Hwaseong,20.0,10.0,5.0,5.0,35.0,29.9,34.0,22.0,12.0,26.3,46.0,1.5,1.33,10.26,38.6,11.18,15.98,15.32,1.23,0.97,9.86,50.55,54.4,27.39,42.9,14.1,337.9,82.1,1.72,40.82,66.6,36.28,51.0,56.71,12.59
Korea 2,2026-27,Gimhae City,19.0,2.0,5.0,12.0,11.0,18.4,16.0,37.0,-21.0,28.3,45.1,0.75,0.93,8.31,36.5,10.28,9.85,11.21,1.56,1.73,12.61,53.38,62.5,31.53,44.1,13.91,337.44,81.7,1.59,39.0,62.0,41.24,52.8,57.45,8.31
Korea 2,2026-27,Paju Citizen,20.0,6.0,3.0,11.0,21.0,22.6,19.0,25.0,-6.0,27.2,43.7,0.83,1.03,8.84,37.4,12.76,10.58,13.54,1.4,1.09,10.71,49.07,58.2,40.45,43.6,9.68,253.15,74.3,1.79,39.19,60.9,36.97,52.8,50.73,7.36
Norway 1,2026-27,Bodø / Glimt,17.0,13.0,2.0,2.0,41.0,40.0,43.0,12.0,31.0,26.9,64.5,2.31,2.75,14.42,41.8,21.63,18.02,42.18,0.94,0.65,7.1,48.36,62.2,24.96,44.0,10.27,597.29,88.1,3.39,69.23,84.0,40.02,60.5,74.18,24.42
Norway 1,2026-27,Molde,16.0,7.0,3.0,6.0,24.0,26.8,29.0,24.0,5.0,25.8,58.3,1.62,1.91,13.02,37.3,16.21,18.84,24.93,1.4,1.34,10.68,54.73,60.8,27.56,45.4,10.63,505.01,85.3,2.57,54.11,77.3,41.03,54.6,72.17,15.88
Norway 1,2026-27,Brann,16.0,7.0,1.0,8.0,22.0,23.4,33.0,27.0,6.0,27.9,57.9,1.84,1.68,10.78,39.9,16.98,17.99,25.87,1.56,1.51,12.29,60.39,63.0,37.93,49.9,8.45,449.22,81.8,2.4,52.35,69.8,43.52,51.2,68.44,15.31
Norway 1,2026-27,Sandefjord,16.0,4.0,3.0,9.0,15.0,18.7,13.0,22.0,-9.0,23.6,52.4,0.74,1.35,12.61,27.9,12.09,18.11,18.45,1.69,1.25,12.61,59.22,61.2,31.34,47.6,10.63,426.61,84.1,2.16,48.26,72.2,48.61,56.3,67.57,16.13
Norway 1,2026-27,Viking,16.0,13.0,1.0,2.0,40.0,29.5,39.0,15.0,24.0,25.8,51.6,2.2,2.05,13.24,39.1,20.4,16.46,26.77,1.36,0.85,10.93,51.73,58.5,39.62,52.1,11.09,408.13,81.2,2.87,56.69,67.9,47.4,51.1,67.01,14.31
Norway 1,2026-27,Rosenborg,16.0,6.0,3.0,7.0,21.0,23.6,23.0,21.0,2.0,25.1,51.2,1.3,1.67,11.46,36.6,11.29,20.93,21.1,1.5,1.19,11.68,62.21,62.1,29.55,48.2,9.45,407.86,82.7,2.5,45.03,70.3,35.5,52.7,62.27,14.8
Norway 1,2026-27,Lillestrøm,16.0,8.0,1.0,7.0,25.0,23.1,22.0,20.0,2.0,26.3,50.8,1.25,1.48,10.48,35.1,8.78,17.46,22.44,1.41,1.13,11.28,58.77,63.6,32.25,47.5,11.18,435.83,83.1,2.15,45.91,68.1,43.02,49.8,59.91,14.0
Norway 1,2026-27,Tromsø,16.0,10.0,4.0,2.0,34.0,27.7,32.0,17.0,15.0,25.2,50.6,1.83,1.75,12.12,39.6,12.64,14.41,22.59,1.32,0.97,9.89,59.18,64.6,36.59,47.8,11.81,441.99,84.1,4.63,55.92,73.1,48.37,56.5,73.25,11.89
Norway 1,2026-27,HamKam,16.0,6.0,4.0,6.0,22.0,22.1,24.0,27.0,-3.0,25.8,49.2,1.37,1.46,9.6,43.5,15.66,14.97,19.43,1.58,1.54,13.03,52.57,54.8,33.94,46.3,13.27,402.29,83.5,2.8,50.57,69.5,50.06,53.1,68.23,12.23
Norway 1,2026-27,Vålerenga,16.0,6.0,2.0,8.0,20.0,22.0,23.0,29.0,-6.0,26.4,48.3,1.29,1.57,13.67,35.0,16.93,17.94,24.53,1.67,1.63,12.77,64.07,61.0,34.76,46.9,11.05,389.98,81.4,3.83,46.35,69.9,43.65,50.0,66.49,14.46
Norway 1,2026-27,Fredrikstad,16.0,6.0,2.0,8.0,20.0,14.1,17.0,27.0,-10.0,24.2,47.8,0.96,1.07,10.03,32.6,11.83,16.28,17.57,1.99,1.52,12.95,55.19,60.6,36.38,44.1,12.95,404.44,83.3,2.59,51.81,68.9,45.23,50.3,69.61,12.28
Norway 1,2026-27,KFUM,16.0,5.0,3.0,8.0,18.0,16.7,18.0,26.0,-8.0,27.0,44.6,1.02,1.12,9.49,40.5,12.76,14.0,16.77,1.7,1.47,11.35,52.11,59.9,37.55,40.0,12.75,380.27,79.8,3.44,51.78,63.6,49.63,44.5,67.02,11.01
Norway 1,2026-27,Aalesund,16.0,2.0,8.0,6.0,14.0,15.9,22.0,36.0,-14.0,23.7,43.3,1.25,1.5,12.91,33.0,14.45,19.23,21.56,2.3,2.05,14.68,61.61,57.9,35.21,47.5,13.75,345.95,79.7,2.79,46.14,64.6,42.21,49.6,67.64,15.13
Norway 1,2026-27,Sarpsborg 08,16.0,6.0,4.0,6.0,22.0,23.7,19.0,21.0,-2.0,25.5,42.9,1.06,1.52,11.08,31.8,13.71,15.22,20.15,1.41,1.18,10.8,54.85,59.0,31.46,45.9,14.11,343.77,79.4,2.69,44.94,65.1,44.89,50.1,63.13,14.55
Norway 1,2026-27,Kristiansund,16.0,4.0,3.0,9.0,15.0,16.7,15.0,26.0,-11.0,23.9,42.9,0.85,1.16,10.04,30.3,10.27,17.61,14.67,1.8,1.47,12.36,53.49,56.3,28.55,44.5,16.17,339.24,82.6,2.2,43.73,67.9,42.43,51.6,59.19,12.24
Norway 1,2026-27,Start,17.0,2.0,4.0,11.0,10.0,18.0,16.0,38.0,-22.0,26.9,41.8,0.85,1.24,11.16,27.6,13.13,12.39,18.02,1.73,2.02,12.07,59.81,62.2,44.71,49.2,9.83,316.89,78.1,2.87,45.93,59.7,49.7,53.0,62.52,8.77
Norway 2,2026-27,Haugesund,17.0,12.0,1.0,4.0,37.0,29.4,55.0,33.0,22.0,24.7,58.5,2.98,2.19,14.61,45.6,15.59,16.51,24.25,1.74,1.79,11.26,56.88,58.7,34.04,51.7,8.88,486.64,83.2,2.49,60.88,70.8,42.59,45.7,77.12,14.67
Norway 2,2026-27,Odds,17.0,8.0,5.0,4.0,29.0,27.6,34.0,23.0,11.0,23.4,58.4,1.84,1.88,13.39,38.1,18.54,14.04,22.83,1.55,1.25,10.41,49.99,58.2,30.42,49.7,8.4,472.88,83.2,1.52,57.58,70.0,46.95,49.2,74.82,14.91
Norway 2,2026-27,Strømsgodset,17.0,9.0,5.0,3.0,32.0,34.4,44.0,25.0,19.0,27.9,58.3,2.39,2.83,18.7,38.3,20.55,17.51,31.5,1.63,1.36,9.98,46.84,61.5,36.65,54.3,9.68,494.35,84.1,1.84,62.78,75.3,48.85,58.3,81.38,18.65
Norway 2,2026-27,Stabæk,17.0,11.0,3.0,3.0,36.0,30.8,44.0,19.0,25.0,23.7,55.8,2.38,1.91,15.95,35.9,17.41,19.03,31.03,1.23,1.03,10.86,50.76,61.1,27.73,45.8,9.96,489.35,84.6,2.49,58.22,73.1,42.11,53.7,76.38,17.78
Norway 2,2026-27,Kongsvinger,17.0,11.0,3.0,3.0,36.0,30.3,45.0,26.0,19.0,25.7,55.5,2.43,2.18,14.39,41.4,14.66,16.98,27.21,1.51,1.41,11.63,57.66,54.9,27.04,48.4,8.94,482.13,81.9,2.54,69.23,71.9,45.32,49.0,86.05,17.25
Norway 2,2026-27,Ranheim,17.0,7.0,2.0,8.0,23.0,24.9,43.0,42.0,1.0,25.2,53.3,2.33,2.2,13.4,43.7,14.0,14.32,22.73,2.18,2.28,13.83,47.9,59.8,23.38,44.1,13.63,468.44,84.6,1.68,54.79,72.7,49.96,55.5,68.68,16.17
Norway 2,2026-27,Egersund,17.0,8.0,2.0,7.0,26.0,22.2,31.0,28.0,3.0,25.8,52.0,1.69,1.46,11.79,34.3,17.41,12.66,21.89,1.74,1.53,11.84,55.34,57.9,34.06,53.8,10.78,475.05,83.0,2.67,58.84,68.6,53.32,51.4,74.17,10.37
Norway 2,2026-27,Lyn,17.0,5.0,2.0,10.0,17.0,18.0,24.0,37.0,-13.0,25.8,51.7,1.3,1.38,11.18,39.1,14.79,12.2,21.7,1.93,2.0,15.06,51.29,58.9,24.4,47.6,16.45,513.01,83.6,2.7,67.81,76.9,44.54,51.3,80.93,13.34
Norway 2,2026-27,Moss,17.0,5.0,3.0,9.0,18.0,19.5,28.0,39.0,-11.0,23.8,49.3,1.52,1.57,13.69,38.1,12.11,14.45,19.39,2.05,2.12,14.23,48.34,56.6,29.06,41.9,11.87,397.8,80.2,2.55,52.41,68.6,43.89,53.7,70.72,12.98
Norway 2,2026-27,Hødd,17.0,8.0,3.0,6.0,27.0,19.1,28.0,29.0,-1.0,23.2,48.7,1.5,1.5,9.37,44.6,7.17,13.76,14.56,2.0,1.55,14.94,49.42,56.6,28.64,48.4,12.35,392.12,82.9,1.93,42.62,61.9,42.19,46.3,58.25,12.37
Norway 2,2026-27,Bryne,17.0,7.0,2.0,8.0,23.0,27.1,23.0,26.0,-3.0,24.4,46.6,1.24,1.62,12.01,36.8,14.11,9.91,22.78,1.29,1.4,10.61,49.17,59.1,48.8,47.8,10.45,352.57,78.3,1.56,50.31,66.2,45.13,54.3,68.56,9.16
Norway 2,2026-27,Åsane,17.0,4.0,2.0,11.0,14.0,18.1,25.0,39.0,-14.0,23.3,45.7,1.35,1.24,9.32,42.2,12.5,12.5,13.9,1.77,2.1,14.6,46.75,56.5,26.71,47.4,14.47,388.06,81.6,1.35,45.19,66.6,42.82,54.2,66.79,12.66
Norway 2,2026-27,Sogndal,17.0,5.0,3.0,9.0,18.0,22.2,30.0,43.0,-13.0,25.1,45.2,1.61,2.23,14.32,33.5,21.8,10.39,23.95,2.26,2.37,16.26,45.05,54.2,40.59,46.9,13.02,366.41,78.6,1.4,51.19,66.4,44.46,52.7,68.47,10.93
Norway 2,2026-27,Sandnes Ulf,17.0,6.0,2.0,9.0,20.0,21.1,26.0,32.0,-6.0,24.4,42.1,1.41,1.34,11.42,35.5,13.64,13.15,17.26,1.62,1.73,10.55,47.73,56.5,36.15,45.4,15.92,358.59,79.6,1.68,51.41,64.6,46.65,47.6,65.32,10.12
Norway 2,2026-27,Raufoss,17.0,5.0,1.0,11.0,16.0,14.9,21.0,41.0,-20.0,25.9,41.3,1.15,1.2,10.01,25.8,14.02,14.24,15.83,2.11,2.25,16.22,51.46,56.2,33.59,48.8,14.24,330.81,78.4,1.98,43.43,59.9,47.45,49.8,61.14,11.11
Norway 2,2026-27,Strømmen,17.0,4.0,3.0,10.0,15.0,22.1,22.0,41.0,-19.0,24.8,38.1,1.18,1.46,10.07,38.8,13.06,10.01,16.7,1.57,2.2,11.3,49.52,55.4,31.11,47.2,13.76,283.22,76.2,1.61,42.4,56.7,49.15,49.5,59.54,9.05
Paraguay 1,2026-27,Olimpia,25.0,15.0,4.0,6.0,49.0,46.0,39.0,21.0,18.0,26.9,57.3,1.4,1.58,13.25,34.8,15.62,17.28,18.97,0.93,0.76,8.57,49.82,63.0,39.6,48.2,9.04,400.93,83.3,4.07,53.64,69.1,45.11,57.4,67.79,14.29
Paraguay 1,2026-27,Cerro Porteño,25.0,12.0,5.0,8.0,41.0,41.5,35.0,24.0,11.0,27.7,56.2,1.27,1.47,11.1,40.7,16.19,17.43,16.67,1.06,0.87,9.35,51.68,62.7,37.19,51.4,10.08,397.85,82.0,3.2,49.75,66.7,40.87,51.7,67.33,11.9
Paraguay 1,2026-27,Sportivo Ameliano,26.0,9.0,12.0,5.0,39.0,38.8,31.0,24.0,7.0,26.3,53.5,1.09,1.15,11.01,32.6,12.91,14.71,13.9,0.99,0.84,9.82,49.05,61.0,33.32,46.0,11.66,383.96,81.2,3.55,46.09,65.3,50.77,57.7,70.93,12.35
Paraguay 1,2026-27,Club Libertad,26.0,12.0,4.0,10.0,40.0,40.8,42.0,30.0,12.0,27.8,53.2,1.54,1.42,12.21,36.5,14.74,15.98,14.92,1.03,1.06,9.65,49.66,63.5,40.92,46.9,12.03,401.32,83.6,3.88,49.77,72.0,39.72,55.3,66.78,12.43
Paraguay 1,2026-27,Deportivo Recoleta,26.0,10.0,5.0,11.0,35.0,33.8,43.0,40.0,3.0,26.0,51.0,1.51,1.26,9.86,39.6,11.27,13.32,13.88,1.35,1.41,12.22,54.32,60.4,36.25,43.3,10.58,363.7,80.5,3.24,46.18,66.0,43.82,55.0,65.66,10.36
Paraguay 1,2026-27,Nacional Asunción,26.0,11.0,11.0,4.0,44.0,38.5,36.0,26.0,10.0,27.1,50.9,1.25,1.21,10.48,35.5,14.55,11.1,14.1,1.03,0.9,8.84,48.65,62.9,39.5,46.9,10.92,363.03,80.0,2.51,50.26,63.6,44.13,53.8,67.8,10.23
Paraguay 1,2026-27,Sportivo Luqueño,26.0,7.0,5.0,14.0,26.0,27.5,29.0,41.0,-12.0,26.3,50.0,1.02,1.02,9.94,38.5,12.93,16.86,13.0,1.53,1.44,11.84,53.54,60.6,40.89,44.6,11.11,331.58,80.1,2.63,41.42,65.6,40.71,54.2,59.23,13.42
Paraguay 1,2026-27,2 de Mayo,26.0,8.0,8.0,10.0,32.0,26.5,23.0,37.0,-14.0,28.4,49.8,0.81,0.83,8.93,31.9,11.18,14.03,11.39,1.4,1.3,10.23,49.68,62.1,32.8,44.7,12.37,356.45,81.6,1.72,44.23,69.6,41.38,55.6,64.34,11.81
Paraguay 1,2026-27,Guaraní,26.0,9.0,9.0,8.0,36.0,34.6,31.0,26.0,5.0,26.0,46.6,1.08,1.14,9.62,34.8,12.27,13.38,12.93,1.15,0.91,10.21,49.85,63.0,42.32,48.4,11.75,316.22,78.0,3.8,46.57,61.2,45.28,52.4,62.11,8.96
Paraguay 1,2026-27,Sportivo San Lorenzo,26.0,3.0,7.0,16.0,16.0,21.7,15.0,48.0,-33.0,28.4,44.6,0.53,0.9,8.44,27.6,11.73,13.35,12.86,1.65,1.7,12.68,50.16,63.2,46.13,44.7,15.31,307.05,78.8,2.4,49.06,67.6,49.84,57.9,62.8,9.93
Paraguay 1,2026-27,Rubio Ñú,26.0,6.0,6.0,14.0,24.0,36.2,17.0,36.0,-19.0,26.5,44.3,0.6,1.12,9.61,31.8,13.92,13.33,12.91,1.14,1.26,10.94,50.09,59.5,42.54,47.2,14.44,310.34,78.0,3.19,46.02,61.9,45.91,53.2,61.31,8.91
Paraguay 1,2026-27,Sportivo Trinidense,26.0,11.0,8.0,7.0,41.0,39.1,40.0,28.0,12.0,28.5,42.4,1.46,1.33,10.44,39.9,11.9,11.72,14.57,1.1,0.95,10.3,55.75,62.8,51.7,43.3,11.01,276.46,74.9,2.7,46.15,59.2,47.46,54.5,63.24,9.31
Peru 1,2026-27,Sporting Cristal,21.0,7.0,5.0,9.0,26.0,32.5,33.0,33.0,0.0,28.0,58.5,1.41,1.53,12.51,35.6,17.01,14.7,17.36,1.32,1.41,11.49,46.37,58.9,25.8,47.0,9.76,408.3,84.7,3.34,50.53,74.0,38.53,60.2,65.01,12.99
Peru 1,2026-27,Cusco,21.0,10.0,3.0,8.0,33.0,31.1,31.0,31.0,0.0,28.8,56.5,1.34,1.45,10.45,39.7,17.19,14.04,12.91,1.28,1.34,12.61,42.62,57.3,24.44,50.0,13.04,423.44,85.5,4.62,49.02,71.1,40.98,57.2,64.05,10.11
Peru 1,2026-27,Alianza Lima,21.0,14.0,6.0,1.0,48.0,40.0,38.0,13.0,25.0,30.5,55.0,1.64,1.46,12.43,37.5,12.43,16.58,16.23,0.63,0.56,8.24,46.62,61.9,29.96,46.7,10.27,352.92,83.8,3.63,51.63,72.0,41.65,62.4,65.22,14.5
Peru 1,2026-27,ADT,21.0,5.0,6.0,10.0,21.0,27.1,24.0,27.0,-3.0,29.1,54.4,1.0,1.14,10.97,36.9,11.39,12.01,12.39,1.3,1.13,10.18,43.54,60.2,21.9,43.0,12.12,325.26,83.2,4.17,44.83,69.4,42.16,58.0,54.47,11.14
Peru 1,2026-27,Melgar,21.0,10.0,5.0,6.0,35.0,34.5,36.0,26.0,10.0,28.2,54.0,1.54,1.71,12.36,34.9,13.09,13.69,18.01,1.21,1.11,11.59,42.43,60.9,29.04,48.3,10.85,384.94,84.0,2.44,47.57,72.3,36.53,51.2,62.92,10.65
Peru 1,2026-27,Cienciano,21.0,11.0,3.0,7.0,36.0,37.0,37.0,28.0,9.0,29.4,53.0,1.57,1.83,12.95,39.9,20.48,11.38,15.61,1.17,1.18,9.86,46.46,62.8,35.97,47.3,9.4,314.85,77.9,2.75,51.24,67.5,47.86,54.8,66.6,10.28
Peru 1,2026-27,UTC Cajamarca,21.0,4.0,8.0,9.0,20.0,24.2,24.0,34.0,-10.0,30.0,51.7,1.02,0.99,10.89,37.1,12.72,11.23,13.4,1.28,1.4,10.42,47.93,60.8,26.03,54.2,10.93,340.6,83.2,3.62,48.66,70.5,38.62,54.2,58.14,9.61
Peru 1,2026-27,Universitario,21.0,10.0,6.0,5.0,36.0,34.5,29.0,20.0,9.0,29.4,51.2,1.25,1.39,12.27,28.4,18.12,16.36,18.64,1.02,0.86,9.81,46.79,59.3,30.3,45.7,11.4,356.47,81.8,4.95,53.85,71.7,46.18,59.1,67.66,13.13
Peru 1,2026-27,Sport Boys,21.0,7.0,6.0,8.0,27.0,31.0,19.0,21.0,-2.0,29.3,50.6,0.81,1.18,11.19,32.4,12.0,12.81,13.66,1.07,0.9,10.76,50.29,62.3,28.73,48.9,9.7,308.85,80.0,3.24,44.91,65.9,41.67,52.9,58.58,11.36
Peru 1,2026-27,Sport Huancayo,21.0,6.0,5.0,10.0,23.0,29.4,27.0,34.0,-7.0,31.2,50.1,1.16,1.24,12.19,34.5,15.02,13.26,14.03,1.16,1.46,9.4,45.24,62.0,25.92,45.0,11.31,329.83,80.9,4.08,50.86,67.9,47.51,56.3,63.48,10.21
Peru 1,2026-27,Comerciantes Unidos,21.0,6.0,8.0,7.0,26.0,23.7,27.0,28.0,-1.0,28.5,47.4,1.14,0.96,10.71,36.0,11.81,11.17,11.81,1.35,1.18,12.02,42.95,56.7,36.56,48.1,11.74,266.02,77.3,4.06,40.96,59.0,43.5,49.9,53.7,6.43
Peru 1,2026-27,Los Chankas,21.0,12.0,5.0,4.0,41.0,27.2,31.0,27.0,4.0,30.0,47.1,1.32,1.19,11.25,39.0,11.38,12.74,11.97,1.36,1.15,11.93,42.7,58.9,28.25,48.1,14.25,297.06,79.5,3.41,40.91,62.1,38.65,48.3,58.59,8.05
Peru 1,2026-27,Atlético Grau,21.0,5.0,5.0,11.0,20.0,26.1,15.0,22.0,-7.0,28.2,46.7,0.64,1.04,9.63,35.7,12.47,13.66,12.85,1.26,0.93,11.58,50.43,59.1,31.6,45.5,12.72,298.76,78.5,3.48,43.9,65.7,41.78,53.1,61.92,7.89
Peru 1,2026-27,Juan Pablo II College,21.0,5.0,6.0,10.0,21.0,22.3,26.0,44.0,-18.0,27.0,46.4,1.1,1.15,8.53,39.1,9.41,11.78,10.72,1.66,1.86,12.16,44.32,58.2,27.99,42.5,14.51,274.94,79.0,2.95,36.81,60.6,39.93,53.7,50.23,8.99
Peru 1,2026-27,FC Cajamarca,21.0,5.0,6.0,10.0,21.0,22.4,30.0,36.0,-6.0,29.4,46.2,1.28,0.99,8.87,37.0,7.46,11.99,10.28,1.49,1.54,12.28,49.91,59.1,28.41,42.2,12.46,290.22,79.2,4.14,42.01,60.5,42.23,50.8,55.71,8.32
Peru 1,2026-27,Deportivo Garcilaso,21.0,10.0,5.0,6.0,35.0,30.2,26.0,20.0,6.0,29.3,46.1,1.11,1.15,10.18,35.3,9.19,15.01,11.46,1.14,0.86,11.29,48.61,59.6,23.69,45.3,10.62,289.03,79.3,2.57,40.7,60.8,39.63,49.6,53.44,10.13
Peru 1,2026-27,Alianza Atlético,21.0,7.0,6.0,8.0,27.0,29.4,26.0,26.0,0.0,27.6,44.0,1.11,1.25,11.62,37.7,11.32,12.21,12.0,1.28,1.11,11.06,47.32,58.7,26.55,41.5,13.96,288.72,79.6,4.3,43.49,61.5,41.57,51.4,54.34,9.02
Peru 1,2026-27,CD Moquegua,21.0,5.0,6.0,10.0,21.0,20.0,19.0,28.0,-9.0,29.5,39.6,0.81,0.87,8.89,32.1,10.08,11.35,9.48,1.51,1.15,11.1,47.74,59.8,30.1,43.6,12.95,234.42,75.0,2.81,38.98,58.8,42.98,49.9,51.53,6.93
Sweden 1,2026-27,Hammarby,16.0,9.0,3.0,4.0,30.0,31.5,36.0,15.0,21.0,25.7,60.3,2.11,2.18,18.5,34.5,14.87,21.78,29.39,1.2,0.88,9.13,56.56,62.9,23.13,56.7,10.9,551.95,86.9,3.1,59.67,75.0,32.5,46.7,68.63,21.02
Sweden 1,2026-27,Malmö FF,16.0,7.0,2.0,7.0,23.0,25.5,31.0,27.0,4.0,25.5,57.7,1.77,1.8,12.93,35.0,13.56,17.79,25.35,1.44,1.54,11.73,57.1,55.7,25.35,46.0,9.19,476.95,86.3,1.26,48.86,76.1,38.62,57.8,66.08,14.82
Sweden 1,2026-27,AIK,16.0,7.0,4.0,5.0,25.0,17.5,22.0,24.0,-2.0,25.9,55.2,1.25,1.3,11.52,36.1,12.83,16.03,18.37,1.84,1.37,12.83,50.08,62.2,27.55,47.2,11.32,420.11,84.0,2.17,49.96,70.7,38.1,55.2,60.34,14.71
Sweden 1,2026-27,Djurgården,15.0,8.0,2.0,5.0,26.0,29.3,33.0,16.0,17.0,26.3,55.1,2.0,2.07,14.35,43.9,15.75,13.99,23.01,1.15,0.97,9.33,54.15,62.2,25.13,50.4,10.24,451.03,85.3,2.36,59.29,72.8,38.52,53.8,70.32,14.66
Sweden 1,2026-27,Mjällby,15.0,4.0,5.0,6.0,17.0,16.4,20.0,20.0,0.0,25.4,54.1,1.23,1.42,11.91,39.9,13.02,15.56,19.69,1.91,1.23,13.58,60.31,58.6,29.32,48.6,10.15,456.23,83.2,2.35,48.15,67.2,45.06,52.3,67.78,14.2
Sweden 1,2026-27,GAIS,16.0,6.0,5.0,5.0,23.0,28.3,21.0,15.0,6.0,25.2,51.5,1.23,1.86,14.12,33.9,16.63,14.42,25.51,1.17,0.88,10.51,57.43,62.6,30.12,47.5,9.73,449.24,82.5,2.57,55.74,67.6,45.58,51.2,71.26,12.96
Sweden 1,2026-27,Häcken,16.0,6.0,7.0,3.0,25.0,25.1,28.0,26.0,2.0,26.4,51.1,1.59,1.61,12.02,32.5,17.75,16.39,20.7,1.39,1.47,11.12,51.95,60.6,25.29,46.0,11.65,427.94,83.4,2.21,47.98,69.4,41.12,51.6,68.22,13.95
Sweden 1,2026-27,IFK Göteborg,16.0,5.0,4.0,7.0,19.0,24.4,22.0,35.0,-13.0,24.9,49.8,1.27,1.74,13.86,33.8,18.13,13.8,20.78,1.54,2.02,11.55,59.63,62.5,28.11,44.8,10.51,406.3,81.4,2.37,53.34,67.5,46.36,51.6,65.29,11.26
Sweden 1,2026-27,Kalmar,16.0,5.0,3.0,8.0,18.0,22.7,21.0,24.0,-3.0,25.7,48.2,1.22,1.28,11.24,35.6,13.04,14.84,21.44,1.31,1.39,11.13,52.39,57.4,25.85,48.9,13.39,414.48,83.4,2.09,44.22,73.4,36.05,52.9,64.79,14.55
Sweden 1,2026-27,Sirius,16.0,13.0,3.0,0.0,42.0,32.9,44.0,19.0,25.0,23.9,47.8,2.53,2.14,13.53,43.0,14.11,16.76,22.23,1.1,1.09,11.11,63.51,59.9,22.98,49.4,11.18,411.82,84.5,1.73,43.59,69.7,36.16,54.1,63.05,14.4
Sweden 1,2026-27,Västerås SK,16.0,7.0,4.0,5.0,25.0,19.2,25.0,29.0,-4.0,24.2,47.4,1.4,1.36,9.51,40.6,11.02,9.84,14.49,1.61,1.62,12.14,53.25,61.9,34.34,49.5,10.51,372.19,81.7,1.96,42.29,68.5,41.5,51.5,64.83,10.18
Sweden 1,2026-27,Degerfors,16.0,3.0,4.0,9.0,13.0,15.9,14.0,27.0,-13.0,26.2,47.0,0.8,0.99,9.46,26.7,15.02,14.04,16.45,1.66,1.55,11.52,56.18,63.5,31.47,41.9,11.37,374.39,80.6,1.78,43.28,64.4,42.82,49.0,57.5,10.89
Sweden 1,2026-27,Elfsborg,16.0,6.0,6.0,4.0,24.0,23.3,21.0,18.0,3.0,27.3,47.0,1.22,1.55,11.02,34.7,11.77,12.06,18.61,1.44,1.04,11.37,54.05,61.8,27.49,47.7,13.63,408.6,83.4,2.03,42.8,66.9,40.19,55.3,60.77,11.71
Sweden 1,2026-27,Brommapojkarna,16.0,4.0,6.0,6.0,18.0,17.0,22.0,26.0,-4.0,23.9,44.5,1.27,1.14,9.39,38.0,10.94,12.15,17.39,1.75,1.5,15.14,53.15,62.6,24.99,43.8,19.0,419.19,84.7,2.3,38.64,63.6,40.13,47.9,63.17,10.88
Sweden 1,2026-27,Örgryte,16.0,3.0,4.0,9.0,13.0,16.0,20.0,37.0,-17.0,27.3,43.9,1.16,1.22,9.71,35.3,11.69,13.43,16.74,1.91,2.15,15.17,57.67,58.8,27.97,50.3,13.6,365.7,79.9,1.69,38.49,61.3,39.59,48.9,59.24,12.73
Sweden 1,2026-27,Halmstad,16.0,1.0,4.0,11.0,7.0,10.7,11.0,33.0,-22.0,24.8,40.4,0.64,1.03,9.99,31.6,11.45,15.84,15.25,2.29,1.93,15.43,63.88,58.8,26.18,39.7,14.3,350.36,80.3,2.45,41.2,64.1,42.19,49.7,63.99,10.69
Sweden 2,2026-27,Sandviken,18.0,7.0,4.0,7.0,25.0,28.3,31.0,25.0,6.0,23.6,57.2,,1.68,10.78,40.8,16.59,10.98,21.65,1.4,1.26,11.03,52.92,54.5,26.46,48.2,11.09,486.68,84.9,1.01,52.92,69.5,43.86,52.7,68.95,12.14
Sweden 2,2026-27,IFK Norrköping,18.0,12.0,2.0,4.0,38.0,34.3,32.0,10.0,22.0,23.2,56.3,,2.03,14.52,33.3,16.41,17.02,22.78,1.24,0.51,10.19,48.57,56.6,29.2,52.2,9.22,433.03,81.6,1.17,54.48,65.5,48.21,51.4,67.32,13.0
Sweden 2,2026-27,Östersunds FK,18.0,9.0,5.0,4.0,32.0,28.8,28.0,21.0,7.0,25.4,54.7,,1.49,11.89,31.3,19.19,11.08,23.18,1.18,1.07,9.04,49.62,63.1,30.88,45.5,10.64,454.39,82.2,0.77,56.61,69.1,51.25,53.9,77.7,10.82
Sweden 2,2026-27,Värnamo,17.0,4.0,2.0,11.0,14.0,20.9,20.0,35.0,-15.0,26.5,54.5,,1.33,9.96,35.1,15.03,9.86,19.34,1.59,1.89,11.26,51.87,59.9,31.89,55.6,10.55,407.18,79.3,0.48,48.37,61.2,41.96,47.8,67.22,9.69
Sweden 2,2026-27,Landskrona,18.0,8.0,4.0,6.0,28.0,25.0,24.0,19.0,5.0,24.3,54.4,,1.63,11.31,39.3,15.3,13.38,20.15,1.71,0.96,12.53,46.72,52.9,27.07,54.1,11.14,430.81,82.9,0.51,46.52,68.5,39.39,50.1,63.13,14.34
Sweden 2,2026-27,Helsingborg,17.0,7.0,3.0,7.0,24.0,24.2,30.0,34.0,-4.0,23.5,53.0,,1.68,11.65,35.8,14.43,14.96,20.79,1.64,1.82,11.86,46.6,56.4,26.99,51.5,12.3,445.62,82.0,1.18,50.34,64.5,40.56,44.4,64.35,11.01
Sweden 2,2026-27,Öster,18.0,8.0,2.0,8.0,26.0,18.1,27.0,27.0,0.0,24.3,51.7,,1.33,11.75,34.2,15.42,19.79,19.94,2.0,1.37,15.52,49.5,52.2,26.0,49.7,11.51,406.7,82.4,0.92,45.74,70.0,35.87,47.7,63.49,15.72
Sweden 2,2026-27,Ljungskile,18.0,6.0,5.0,7.0,23.0,28.9,25.0,24.0,1.0,23.3,51.1,,1.77,14.5,33.0,13.09,17.57,22.2,1.46,1.21,10.57,56.68,55.9,30.2,47.8,8.46,354.21,79.6,0.91,48.17,63.4,46.56,53.1,62.32,13.49
Sweden 2,2026-27,Örebro,18.0,3.0,6.0,9.0,15.0,21.8,15.0,28.0,-13.0,25.2,50.3,,1.31,10.54,35.9,12.4,12.35,15.88,1.7,1.41,12.71,50.77,54.9,28.29,42.4,11.72,423.98,83.1,0.81,48.35,66.5,40.03,47.4,59.65,8.42
Sweden 2,2026-27,Falkenberg,18.0,9.0,5.0,4.0,32.0,22.1,34.0,27.0,7.0,25.4,49.4,,1.43,9.89,42.8,10.86,13.31,16.93,1.63,1.38,12.08,52.73,58.3,29.27,54.4,11.68,412.62,81.7,1.53,45.08,63.8,46.81,49.9,70.32,8.72
Sweden 2,2026-27,United Nordic,18.0,7.0,7.0,4.0,28.0,30.5,29.0,26.0,3.0,24.6,48.1,,1.83,12.67,35.7,15.74,11.31,23.63,1.3,1.31,10.66,50.58,58.0,27.2,50.5,12.39,375.13,81.1,0.6,45.05,71.0,43.74,55.1,67.73,11.72
Sweden 2,2026-27,Brage,18.0,5.0,5.0,8.0,20.0,23.1,30.0,33.0,-3.0,25.4,48.0,,1.52,11.17,36.2,13.44,13.95,19.56,1.64,1.67,11.37,52.76,55.6,29.46,49.7,10.43,358.38,79.9,0.51,52.3,64.5,48.16,51.7,65.95,9.85
Sweden 2,2026-27,Varbergs,18.0,10.0,3.0,5.0,33.0,25.6,34.0,24.0,10.0,24.8,45.6,,1.48,12.63,36.9,13.34,12.22,19.37,1.4,1.22,10.9,55.42,52.1,32.96,53.7,10.05,316.34,77.1,0.61,45.38,60.0,44.57,50.3,59.88,9.13
Sweden 2,2026-27,Oddevold,18.0,6.0,7.0,5.0,25.0,29.1,29.0,26.0,3.0,24.5,45.3,,1.62,12.66,35.8,14.56,12.81,21.05,1.2,1.34,10.09,57.43,59.8,32.62,48.6,11.47,366.59,78.4,0.87,53.62,65.5,42.45,50.7,65.51,10.55
Sweden 2,2026-27,GIF Sundsvall,18.0,3.0,0.0,15.0,9.0,18.2,13.0,42.0,-29.0,23.4,40.5,,1.01,8.36,33.5,11.01,10.55,13.86,1.6,2.14,12.74,46.53,54.1,27.27,42.1,16.68,321.63,78.9,1.38,44.03,58.6,46.12,47.8,55.7,8.71
Sweden 2,2026-27,Norrby,18.0,4.0,10.0,4.0,22.0,19.9,24.0,24.0,0.0,22.3,40.1,,1.43,11.46,36.0,13.32,12.13,16.21,1.89,1.24,13.32,58.97,55.8,34.65,49.2,14.18,325.46,77.4,0.72,41.93,60.0,48.49,46.6,61.5,9.24
USA 1,2026-27,San Diego,18.0,5.0,6.0,7.0,21.0,25.2,32.0,29.0,3.0,25.3,59.4,1.59,1.55,10.26,39.1,11.31,10.46,20.83,1.74,1.44,10.86,45.22,60.1,15.72,38.5,13.07,604.81,89.0,4.31,56.33,72.4,35.8,53.9,67.79,12.64
USA 1,2026-27,Inter Miami,18.0,11.0,5.0,2.0,38.0,31.2,45.0,32.0,13.0,27.2,57.5,2.2,1.95,13.39,40.5,12.56,16.47,22.63,1.48,1.56,10.41,47.32,61.8,19.07,46.9,10.84,481.73,87.2,4.3,45.76,77.0,34.61,57.6,63.26,17.16
USA 1,2026-27,Colorado Rapids,18.0,7.0,1.0,10.0,22.0,23.0,27.0,25.0,2.0,24.1,56.6,1.34,1.3,9.3,37.8,12.27,17.76,14.5,1.31,1.24,9.75,47.55,56.8,19.54,51.9,12.11,426.55,86.7,2.03,40.57,72.6,24.94,49.6,53.29,15.78
USA 1,2026-27,Vancouver Whitecaps,17.0,10.0,4.0,3.0,34.0,35.8,38.0,17.0,21.0,26.3,56.6,2.0,2.15,14.54,39.0,17.17,16.17,24.52,0.94,0.89,7.09,59.65,62.1,20.32,46.0,8.54,460.34,86.4,3.57,59.65,79.5,35.02,60.4,69.57,15.18
USA 1,2026-27,Columbus Crew,18.0,5.0,5.0,8.0,20.0,24.8,26.0,28.0,-2.0,27.3,55.7,1.28,1.27,9.79,37.7,14.07,15.99,17.81,1.25,1.38,8.41,48.32,62.1,19.24,42.7,14.29,512.25,87.4,3.15,50.73,77.3,34.25,53.6,63.72,15.45
USA 1,2026-27,Nashville SC,18.0,12.0,4.0,2.0,40.0,25.6,35.0,14.0,21.0,27.2,55.5,1.74,1.26,9.56,43.2,10.75,13.19,16.53,1.13,0.7,8.86,45.3,58.8,24.14,49.3,12.94,468.57,87.7,2.44,44.25,74.8,32.26,56.8,58.49,12.0
USA 1,2026-27,New York City,18.0,7.0,5.0,6.0,26.0,26.6,31.0,24.0,7.0,26.5,54.0,1.54,1.36,9.82,45.2,11.16,13.11,17.79,1.25,1.2,10.22,54.42,61.5,23.37,49.5,12.42,467.74,86.0,4.98,50.28,71.0,36.28,50.7,68.72,11.86
USA 1,2026-27,New York RB,18.0,7.0,4.0,7.0,25.0,22.0,29.0,39.0,-10.0,23.8,52.9,1.45,1.66,12.26,36.7,13.06,19.62,23.43,1.87,1.95,11.46,54.76,61.1,24.43,45.5,11.0,427.88,83.7,3.0,54.41,74.9,27.53,45.6,67.88,18.82
USA 1,2026-27,Chicago Fire,17.0,9.0,2.0,6.0,29.0,28.1,32.0,23.0,9.0,27.3,52.1,1.68,1.9,12.31,37.4,10.06,14.72,22.21,1.31,1.2,10.01,53.12,59.4,25.04,43.5,11.49,428.84,83.9,3.25,47.15,67.0,37.3,48.0,61.71,10.9
USA 1,2026-27,Seattle Sounders,17.0,7.0,3.0,7.0,24.0,23.8,20.0,22.0,-2.0,26.9,52.1,1.06,1.55,11.33,39.0,12.5,13.24,18.99,1.45,1.17,11.06,46.06,60.4,27.23,44.7,13.37,451.54,86.2,2.39,52.45,76.6,29.89,51.6,63.72,12.23
USA 1,2026-27,Atlanta United,18.0,3.0,3.0,12.0,12.0,22.1,19.0,33.0,-14.0,27.4,52.0,0.94,1.23,10.52,34.3,13.87,12.14,17.38,1.44,1.63,10.17,52.58,60.6,27.3,44.8,13.48,436.52,85.2,2.62,46.9,68.2,38.06,54.6,64.38,12.19
USA 1,2026-27,St. Louis City ,18.0,7.0,5.0,6.0,26.0,30.1,24.0,24.0,0.0,27.3,51.2,1.21,1.51,11.8,34.5,14.26,12.76,20.34,1.12,1.21,9.04,54.49,61.4,26.37,51.8,10.99,433.63,86.2,2.11,45.15,75.3,29.43,57.0,62.28,12.2
USA 1,2026-27,New England,18.0,9.0,3.0,6.0,30.0,22.7,28.0,23.0,5.0,25.9,50.8,1.39,1.29,8.81,40.7,11.89,16.62,16.57,1.45,1.14,11.34,49.1,58.2,24.08,43.6,15.9,427.31,86.8,1.69,41.14,74.2,30.3,48.4,56.07,15.02
USA 1,2026-27,Portland Timbers,18.0,7.0,3.0,8.0,24.0,23.9,33.0,33.0,0.0,26.3,50.1,1.62,1.4,10.94,39.0,14.28,14.33,17.62,1.59,1.62,13.74,47.9,60.0,26.21,50.6,15.57,440.82,86.2,2.11,47.6,75.8,29.93,50.7,61.78,12.02
USA 1,2026-27,Los Angeles Galaxy,19.0,5.0,7.0,7.0,22.0,29.0,24.0,29.0,-5.0,27.1,49.9,1.13,1.62,10.92,41.6,9.31,14.37,19.85,1.37,1.37,10.12,52.14,63.6,20.42,39.6,15.36,437.95,85.8,2.46,44.43,74.8,33.23,51.4,60.41,13.85
USA 1,2026-27,Cincinnati,18.0,7.0,5.0,6.0,26.0,23.1,45.0,44.0,1.0,26.4,49.9,2.19,1.67,11.35,45.5,9.06,16.61,19.33,1.9,2.14,13.93,51.09,62.0,27.27,46.8,11.79,390.54,85.2,2.87,37.31,70.4,37.26,59.7,60.19,12.95
USA 1,2026-27,Real Salt Lake,17.0,8.0,3.0,6.0,27.0,23.1,29.0,25.0,4.0,26.2,49.0,1.52,1.42,12.46,39.1,11.36,13.66,18.38,1.37,1.31,11.41,55.65,59.0,25.18,45.3,12.51,412.72,85.1,3.3,47.64,70.5,40.16,56.8,62.2,11.94
USA 1,2026-27,Toronto,18.0,3.0,8.0,7.0,17.0,23.9,24.0,32.0,-8.0,27.0,47.8,1.18,1.23,9.56,38.5,13.63,14.31,18.33,1.33,1.57,10.2,52.99,63.6,27.5,44.6,11.99,357.01,82.2,3.04,43.58,67.4,35.0,51.3,56.52,10.98
USA 1,2026-27,Austin FC,18.0,4.0,5.0,9.0,17.0,16.1,22.0,36.0,-14.0,28.9,47.4,1.1,1.05,8.96,38.3,9.96,12.2,13.64,2.03,1.79,14.88,50.13,58.9,26.78,46.5,16.59,370.8,86.0,3.73,38.23,69.8,34.99,54.8,52.07,9.26
USA 1,2026-27,SJ Earthquakes,18.0,10.0,3.0,5.0,33.0,28.3,37.0,24.0,13.0,26.5,46.8,1.84,1.77,11.86,39.5,17.24,18.14,21.08,1.37,1.2,10.81,52.48,62.2,25.96,45.3,12.55,351.88,81.0,2.69,41.46,69.8,35.98,53.9,64.58,14.25
USA 1,2026-27,CF Montréal,18.0,4.0,4.0,10.0,16.0,23.4,24.0,35.0,-11.0,24.6,46.7,1.18,1.37,11.1,37.8,12.38,15.54,17.02,1.63,1.73,10.95,48.01,57.7,24.42,49.7,12.11,361.09,81.8,3.36,43.72,67.4,40.12,49.0,60.0,11.99
USA 1,2026-27,Houston Dynamo,18.0,10.0,2.0,6.0,32.0,26.4,27.0,24.0,3.0,28.2,46.5,1.33,1.17,11.23,38.6,9.26,16.5,14.04,1.1,1.18,9.7,44.98,60.8,18.67,50.7,18.72,383.84,87.1,2.66,36.26,73.6,31.28,54.0,49.95,12.22
USA 1,2026-27,Minnesota United,18.0,6.0,6.0,6.0,24.0,26.4,20.0,25.0,-5.0,26.6,46.3,1.0,1.42,10.85,36.9,11.6,15.3,18.85,1.39,1.25,10.5,49.15,60.5,28.15,50.4,13.15,391.1,84.0,2.75,43.05,71.9,35.4,54.7,60.6,10.75
USA 1,2026-27,Los Angeles FC,19.0,10.0,4.0,5.0,34.0,26.4,35.0,19.0,16.0,29.7,46.0,1.67,1.25,11.23,36.0,9.99,17.56,15.75,1.19,0.9,10.61,48.69,58.8,18.61,47.3,18.46,436.82,87.3,3.28,51.35,77.8,32.55,55.8,59.11,15.66
USA 1,2026-27,Orlando City,18.0,6.0,2.0,10.0,20.0,18.4,30.0,47.0,-17.0,26.1,45.9,1.47,1.41,10.16,43.5,8.93,13.1,16.05,2.04,2.31,14.92,51.48,58.8,20.71,42.2,17.14,362.31,84.3,3.88,40.83,66.7,34.65,50.7,55.06,11.68
USA 1,2026-27,Philadelphia Union,18.0,4.0,4.0,10.0,16.0,28.3,25.0,33.0,-8.0,24.8,45.8,1.24,1.42,12.95,31.3,17.74,14.38,21.89,1.15,1.63,7.41,58.52,60.9,38.6,54.8,10.06,332.77,77.3,2.32,49.28,65.7,37.76,50.0,61.48,9.44
USA 1,2026-27,Sporting KC,18.0,4.0,2.0,12.0,14.0,14.9,18.0,46.0,-28.0,25.0,45.7,0.91,0.98,7.84,46.5,10.72,11.98,15.17,1.94,2.33,13.75,53.6,59.4,21.59,41.2,14.13,383.21,83.8,3.13,41.81,71.6,36.05,51.6,57.44,13.5
USA 1,2026-27,Charlotte FC,18.0,7.0,4.0,7.0,25.0,25.6,29.0,27.0,2.0,29.0,45.4,1.45,1.36,9.58,43.2,13.17,14.42,18.51,1.33,1.35,11.52,45.15,57.8,21.4,49.2,19.59,407.94,86.9,2.74,42.06,73.4,34.42,56.4,61.31,11.37
USA 1,2026-27,Dallas,18.0,7.0,6.0,5.0,27.0,28.3,32.0,25.0,7.0,25.8,41.6,1.59,1.53,9.96,37.3,11.39,13.18,17.09,1.3,1.24,9.96,55.23,62.9,32.1,47.5,13.77,338.45,80.9,4.31,43.19,66.9,36.31,51.7,58.6,10.1
USA 1,2026-27,DC United,18.0,5.0,8.0,5.0,23.0,22.1,26.0,29.0,-3.0,27.3,40.5,1.29,1.17,10.08,37.7,13.84,12.41,14.83,1.39,1.43,11.12,61.98,61.1,37.46,41.3,12.73,287.99,76.7,2.17,40.28,59.3,41.61,45.0,55.65,7.81
Uruguay 1,2026-27,Defensor Sporting,23.0,6.0,9.0,8.0,27.0,32.2,19.0,21.0,-2.0,24.4,55.5,0.79,1.17,12.22,27.2,17.7,15.79,14.13,1.04,0.83,12.01,61.83,63.0,37.31,49.3,9.12,378.74,77.8,3.66,57.05,64.0,55.51,52.5,76.0,13.13
Uruguay 1,2026-27,Nacional,23.0,11.0,2.0,10.0,35.0,44.8,35.0,31.0,4.0,27.4,54.7,1.37,1.75,12.67,32.5,19.14,20.75,18.08,0.86,1.22,7.92,59.61,64.3,37.49,49.0,7.6,354.67,77.9,3.76,54.9,67.4,50.82,56.3,72.86,13.29
Uruguay 1,2026-27,Albion,23.0,9.0,7.0,7.0,34.0,30.0,32.0,25.0,7.0,26.2,53.8,1.32,1.13,10.09,39.6,11.53,16.72,11.45,1.13,0.99,12.77,56.55,59.7,25.99,46.6,10.41,376.68,82.0,4.2,47.04,62.9,44.11,50.1,60.92,13.18
Uruguay 1,2026-27,Juventud,23.0,6.0,6.0,11.0,24.0,27.9,26.0,34.0,-8.0,26.2,53.1,1.02,0.93,11.07,37.2,14.05,19.15,13.66,1.17,1.33,12.05,64.1,62.3,37.17,42.7,8.23,354.35,78.4,2.71,51.57,67.1,50.16,56.3,73.52,13.66
Uruguay 1,2026-27,Peñarol,23.0,14.0,4.0,5.0,46.0,39.7,40.0,20.0,20.0,27.8,52.8,1.56,1.37,13.5,37.5,14.66,17.27,16.76,0.9,0.78,9.61,61.45,64.2,37.45,45.0,9.24,375.52,79.4,4.04,53.87,68.0,48.73,52.6,68.92,11.51
Uruguay 1,2026-27,Torque,22.0,10.0,5.0,7.0,35.0,35.3,33.0,27.0,6.0,26.9,52.7,1.36,1.3,12.19,32.4,16.43,15.81,15.4,0.93,1.11,8.73,63.69,64.1,36.64,48.3,8.13,348.84,76.5,3.29,58.63,62.8,61.72,53.4,73.45,11.45
Uruguay 1,2026-27,Deportivo Maldonado,23.0,12.0,6.0,5.0,42.0,32.6,38.0,24.0,14.0,27.2,52.2,1.57,1.31,12.45,35.1,14.05,17.6,15.45,1.18,0.91,9.85,62.55,62.7,33.26,46.0,8.14,340.43,76.9,2.76,50.56,65.5,47.6,53.9,72.03,13.93
Uruguay 1,2026-27,Boston River,23.0,7.0,4.0,12.0,25.0,27.0,21.0,31.0,-10.0,24.6,51.6,0.83,0.99,9.55,37.3,13.35,21.43,13.63,1.23,1.23,13.03,58.86,60.8,33.79,45.7,10.25,363.09,80.8,3.6,43.77,64.7,42.31,53.3,64.45,14.38
Uruguay 1,2026-27,Liverpool,23.0,8.0,8.0,7.0,32.0,27.8,26.0,23.0,3.0,27.5,51.2,1.07,0.95,11.14,36.2,16.32,17.76,12.91,1.08,0.95,9.54,59.9,67.3,35.11,49.8,9.53,347.13,78.3,4.28,49.95,65.3,46.75,49.1,65.37,14.23
Uruguay 1,2026-27,Danubio,23.0,4.0,10.0,9.0,22.0,25.9,22.0,31.0,-9.0,28.2,51.0,0.92,0.98,9.64,32.9,12.61,20.04,10.85,1.28,1.25,11.65,63.2,64.1,36.9,43.7,8.96,343.14,76.6,2.38,50.47,59.8,50.34,49.2,67.79,11.23
Uruguay 1,2026-27,Cerro Largo,23.0,8.0,5.0,10.0,29.0,25.1,24.0,25.0,-1.0,25.6,50.6,0.99,0.9,9.61,32.3,14.16,15.9,10.56,1.27,1.04,12.01,67.22,65.2,41.13,42.3,9.0,361.91,77.5,4.35,57.9,62.7,56.33,50.9,72.94,11.1
Uruguay 1,2026-27,Wanderers,24.0,11.0,5.0,8.0,38.0,32.5,30.0,30.0,0.0,28.5,47.2,1.18,1.29,11.9,35.4,14.15,17.65,12.73,1.27,1.18,12.45,58.08,61.4,41.14,44.6,10.14,304.36,74.2,4.33,50.99,63.2,51.78,53.7,71.09,10.09
Uruguay 1,2026-27,Racing,23.0,11.0,9.0,3.0,42.0,37.1,29.0,19.0,10.0,24.6,47.2,1.19,1.17,12.15,30.4,18.06,17.15,16.58,0.71,0.7,7.76,60.62,66.1,48.67,45.2,6.87,254.12,69.8,3.04,52.33,57.8,51.67,52.2,63.73,10.05
Uruguay 1,2026-27,Progreso,23.0,4.0,4.0,15.0,16.0,24.6,18.0,35.0,-17.0,25.7,44.1,0.71,0.97,9.22,30.8,16.46,17.29,14.81,1.39,1.38,12.13,65.74,62.4,39.19,45.4,9.73,278.7,71.6,3.03,47.62,59.3,49.59,50.0,66.68,11.38
Uruguay 1,2026-27,Cerro,23.0,6.0,4.0,13.0,22.0,24.4,15.0,34.0,-19.0,26.3,42.2,0.62,0.85,10.39,29.4,12.42,15.05,10.23,1.27,1.4,11.67,64.72,62.0,39.51,45.0,8.96,278.54,73.3,2.76,45.54,59.6,48.01,50.0,60.55,6.85
Uruguay 1,2026-27,Central Español,23.0,10.0,6.0,7.0,36.0,23.9,28.0,26.0,2.0,26.8,38.8,1.14,0.93,9.04,39.6,11.28,16.61,9.77,1.31,1.02,13.76,57.92,60.1,33.05,41.0,16.56,238.25,72.4,2.65,37.41,57.8,43.23,46.5,54.87,10.42
Venezuela 1,2026-27,Deportivo La Guaira,22.0,10.0,10.0,2.0,40.0,30.9,25.0,15.0,10.0,27.3,56.9,1.13,0.99,11.27,30.0,12.67,12.26,12.76,0.78,0.63,8.21,49.78,57.3,25.75,53.4,8.18,361.8,83.0,1.26,46.62,67.9,43.42,58.3,60.2,9.56
Venezuela 1,2026-27,Academia Puerto Cabello,23.0,9.0,6.0,8.0,33.0,38.1,30.0,26.0,4.0,28.8,55.6,1.21,1.37,11.59,34.5,14.09,15.71,14.94,0.9,1.01,7.91,47.04,57.0,22.05,50.5,9.19,380.27,84.0,2.02,47.52,72.0,35.9,53.3,58.63,13.12
Venezuela 1,2026-27,Carabobo,23.0,9.0,9.0,5.0,36.0,38.6,37.0,22.0,15.0,28.1,55.6,1.51,1.57,13.96,34.4,16.73,16.12,18.32,0.95,0.9,8.71,49.09,56.1,26.99,44.9,9.33,369.24,82.5,2.85,52.75,68.8,44.74,58.0,64.76,13.72
Venezuela 1,2026-27,Caracas,16.0,3.0,7.0,6.0,16.0,16.9,19.0,24.0,-5.0,24.9,53.2,1.22,1.31,11.6,36.7,13.8,16.18,13.67,1.54,1.35,11.73,61.44,57.7,28.88,44.4,7.54,355.16,82.4,2.97,49.45,70.9,36.3,53.8,63.18,13.73
Venezuela 1,2026-27,Estudiantes de Mérida,22.0,8.0,3.0,11.0,27.0,18.8,26.0,31.0,-5.0,27.9,52.4,1.44,1.11,9.15,33.3,13.75,15.03,14.25,1.43,1.33,11.87,48.69,54.1,27.5,46.2,10.33,337.87,82.2,2.44,44.14,67.5,41.59,55.2,56.73,10.37
Venezuela 1,2026-27,Deportivo Táchira,21.0,12.0,5.0,4.0,41.0,28.3,29.0,18.0,11.0,27.4,51.7,1.51,1.43,12.23,37.4,13.43,15.67,16.5,0.95,0.78,9.32,59.44,58.8,29.62,53.8,8.41,307.95,79.6,2.5,44.71,68.3,38.78,54.5,61.53,11.87
Venezuela 1,2026-27,Monagas,16.0,4.0,2.0,10.0,14.0,12.8,17.0,26.0,-9.0,24.5,50.2,1.1,0.74,9.48,30.8,13.96,15.78,10.0,1.35,1.43,11.88,55.0,55.3,29.81,43.1,10.74,345.0,81.9,2.53,47.6,70.5,44.48,58.2,65.58,12.4
Venezuela 1,2026-27,Portuguesa,22.0,9.0,7.0,6.0,34.0,26.5,32.0,24.0,8.0,28.9,48.2,1.5,1.18,9.35,38.5,10.47,15.79,12.71,1.14,0.84,10.51,50.28,56.5,31.31,45.4,10.61,263.64,77.0,3.5,38.93,63.1,39.35,53.7,55.79,9.95
Venezuela 1,2026-27,UCV,22.0,9.0,5.0,8.0,32.0,26.5,35.0,33.0,2.0,27.9,48.2,1.56,1.16,10.02,37.8,13.85,12.38,13.45,1.23,1.38,11.36,47.43,57.5,29.39,45.3,11.15,313.42,81.2,1.2,42.66,66.2,39.9,52.5,52.15,9.49
Venezuela 1,2026-27,Anzoátegui FC,15.0,3.0,3.0,9.0,12.0,13.9,19.0,29.0,-10.0,27.3,47.2,1.22,1.05,10.95,33.9,12.48,11.84,12.16,1.6,1.6,13.44,49.35,57.1,32.65,45.9,13.6,293.94,80.1,2.62,37.7,67.4,40.14,54.5,57.23,9.86
Venezuela 1,2026-27,Trujillanos,16.0,1.0,4.0,11.0,7.0,14.8,12.0,31.0,-19.0,26.5,45.8,0.83,1.06,9.86,37.3,12.22,11.32,11.94,1.46,1.6,13.4,52.99,59.0,30.28,45.0,11.53,313.61,81.1,3.4,43.75,64.4,40.69,51.9,58.47,9.17
Venezuela 1,2026-27,Zamora,16.0,5.0,5.0,6.0,20.0,17.6,16.0,17.0,-1.0,27.5,45.4,1.18,1.23,10.17,38.4,14.89,12.97,12.68,1.04,0.96,8.77,57.94,64.5,32.65,43.1,10.36,260.71,77.0,2.43,40.76,61.8,38.33,50.2,51.08,8.18
Venezuela 1,2026-27,Rayo Zuliano,16.0,5.0,2.0,9.0,17.0,12.5,17.0,26.0,-9.0,23.8,42.5,1.16,1.03,8.29,33.1,7.33,16.03,8.9,1.67,1.37,13.36,52.53,58.9,24.45,47.1,15.29,257.33,80.0,1.51,33.01,62.4,32.26,51.6,50.07,11.71
Venezuela 1,2026-27,Metropolitanos,22.0,12.0,6.0,4.0,42.0,27.9,28.0,20.0,8.0,28.3,40.8,1.27,1.13,8.71,38.5,13.43,17.24,12.57,1.14,0.86,11.25,53.21,57.1,31.03,43.6,13.5,272.13,77.6,2.09,43.32,67.6,36.97,52.8,54.03,10.48
