"Player","League","Team","Position","Age","Market value","Contract expires","Matches played","Minutes played","Goals","Assists","Birth country","Foot","Height","Successful defensive actions per 90","Defensive duels per 90","Defensive duels won, %","Aerial duels per 90","Aerial duels won, %","Shots blocked per 90","PAdj Interceptions","Successful attacking actions per 90","Non-penalty goals per 90","xG per 90","Head goals per 90","Shots per 90","Shots on target, %","Goal conversion, %","Crosses per 90","Accurate crosses, %","Dribbles per 90","Successful dribbles, %","Offensive duels per 90","Offensive duels won, %","Touches in box per 90","Progressive runs per 90","Accelerations per 90","Passes per 90","Accurate passes, %","Forward passes per 90","Accurate forward passes, %","Long passes per 90","Accurate long passes, %","xA per 90","Second assists per 90","Smart passes per 90","Accurate smart passes, %","Key passes per 90","Passes to final third per 90","Accurate passes to final third, %","Passes to penalty area per 90","Accurate passes to penalty area, %","Deep completions per 90","Progressive passes per 90","Accurate progressive passes, %"
"I. Ivušić","Croatia 1.","Hajduk Split","GK","30","2500000","2026-05-31","13","1301","0","0","Croatia","right","195","1.25","0","0","0.42","66.67","0","2.04","0","0","0","0","0","0","0","0","0","0","0","0.07","0","0","0","0","21.1","82.3","10.51","69.08","7.89","54.39","0","0","0","0","0","2.01","24.14","0.14","0","0","4.63","59.7"
"D. Kovačić","Croatia 1.","Slaven Belupo","LCB","31","300000","2026-06-30","13","1298","0","0","Croatia","right","192","9.98","6.31","72.53","2.43","57.14","0.49","6.84","0.21","0","0.02","0","0.21","0","0","0.14","0","0.28","75","0.76","54.55","0.76","0.97","0","40.29","90.19","17.61","83.07","5.89","64.71","0.01","0","0","0","0.07","3.26","82.98","0.28","50","0.07","6.24","71.11"
"D. Matijaš","Croatia 1.","Gorica","GK","26","800000","2026-06-30","13","1290","0","0","Croatia","right","188","2.09","0","0","0.49","71.43","0","2.77","0","0","0","0","0","0","0","0","0","0","0","0","0","0","0","0","19.19","84.36","9.07","68.46","6.14","57.95","0","0","0","0","0","1.67","41.67","0.28","0","0","4.4","73.02"
"M. Malenica","Croatia 1.","Osijek","GK","31","500000","","13","1282","0","0","Croatia","right","191","1.19","0.07","100","0.28","75","0","1.42","0","0","0","0","0","0","0","0","0","0","0","0","0","0","0","0","19.38","89.49","8.49","81.82","6.11","71.26","0","0","0","0","0","1.19","58.82","0.14","50","0.07","4.91","77.14"
"J. Filipović","Croatia 1.","Gorica","RCB, CB","33","350000","","13","1278","0","0","Bosnia and Herzegovina","right","191","6.13","3.8","62.96","4.15","57.63","0.42","4.35","0.14","0","0.04","0","0.28","50","0","0","0","0.07","0","0.7","50","0.49","0.42","0","41.41","88.1","15.07","78.97","5.14","50.68","0","0","0","0","0","3.38","47.92","0.21","0","0","5","66.2"
"J. Posavec","Croatia 1.","Lokomotiva Zagreb","GK","29","500000","","13","1265","0","0","Croatia","right","190","1.49","0","0","0.14","50","0","2.01","0","0","0","0","0","0","0","0","0","0","0","0.21","100","0","0","0","30.09","88.42","11.6","77.91","7.61","59.81","0","0","0","0","0","1.57","59.09","0.07","100","0.07","5.41","65.79"
"C. Mbacke Diop","Croatia 1.","Lokomotiva Zagreb","CB, LCB","19","0","2029-06-30","13","1259","1","0","Senegal","","0","9.94","4.79","71.64","4.58","46.88","0.57","8.17","0.21","0.07","0.06","0","0.43","16.67","16.667","0.14","0","0.21","66.67","1.43","60","0.86","1","0.07","41.25","85.62","15.58","76.15","4.79","52.24","0","0","0","0","0","4.07","63.16","0.36","20","0.14","7.08","65.66"
"R. Gonzales","Croatia 1.","Vukovar","AMF, CF","26","0","","13","1239","5","0","Colombia","","0","5.74","5.16","57.75","1.31","27.78","0","2.93","2.62","0.29","0.23","0","1.74","41.67","20.833","0.87","33.33","2.83","56.41","11.69","45.96","1.96","1.6","0.44","24.84","79.24","8.64","75.63","1.6","40.91","0.04","0.15","0.22","0","0.15","3.41","78.72","1.74","58.33","0.94","4.29","74.58"
"Renan Guedes","Croatia 1.","Osijek","RB","27","300000","","13","1218","0","0","Brazil","right","177","7.24","6.8","52.17","2.96","60","0.3","5","1.55","0","0.02","0","0.37","0","0","3.47","25.53","1.85","36","6.65","34.44","0.89","1.77","0.52","35.69","75.36","16.33","67.87","4.51","37.7","0.13","0","0","0","0.52","5.1","68.12","2.88","30.77","0.15","7.98","70.37"
"A. Jagušić","Croatia 1.","Slaven Belupo","RAMF, AMF, RCMF","20","0","2028-06-30","13","1202","3","4","Croatia","left","174","7.26","5.69","72.37","1.8","12.5","0.07","3.32","3.67","0.22","0.08","0","2.25","36.67","10","1.42","36.84","4.42","49.15","12.65","39.64","1.87","2.92","0.6","32.5","79.95","8.09","67.59","2.17","65.52","0.2","0","0.3","50","0.82","4.49","75","2.55","55.88","1.2","5.39","76.39"
"M. Zlomislić","Croatia 1.","Rijeka","GK","27","150000","","12","1178","0","0","Bosnia and Herzegovina","right","190","0.92","0.08","100","0.61","100","0","1.21","0","0","0","0","0","0","0","0","0","0","0","0.08","100","0","0","0","19.56","86.33","9.09","72.27","6.42","64.29","0","0","0","0","0","1.07","57.14","0.08","0","0","5.27","69.57"
"O. Zelenika","Croatia 1.","Varaždin","GK","32","400000","2026-05-31","12","1177","0","0","Croatia","left","192","1.99","0.15","100","0.08","100","0","2.25","0.08","0","0","0","0","0","0","0","0","0.08","100","0.15","100","0","0","0","17.59","83.04","8.64","69.91","5.96","56.41","0","0.08","0","0","0","0.76","30","0.08","0","0","4.13","61.11"
"F. Kolić","Croatia 1.","Istra 1961","GK","22","450000","2026-05-31","12","1177","0","0","Croatia","right","190","1.15","0.23","66.67","0.31","100","0","1.27","0","0","0","0","0","0","0","0","0","0","0","0","0","0","0","0","15.98","82.78","7.49","68.37","4.97","49.23","0","0","0","0","0","0.76","20","0.08","0","0","3.67","47.92"
"J. Radošević","Croatia 1.","Istra 1961","RDMF, DMF, RCMF","31","1500000","","12","1177","0","0","Croatia","right","180","8.33","6.12","72.5","1.07","57.14","0.31","4.59","1.07","0","0.06","0","0.46","66.67","0","0.69","77.78","0.61","37.5","2.83","37.84","0.38","0.99","0","33.95","85.36","9.56","70.4","2.68","51.43","0.05","0","0","0","0.23","4.89","70.31","1.76","60.87","0.69","5.2","70.59"
"N. Omerović","Croatia 1.","Osijek","LAMF, CF, LW","23","1300000","","13","1177","5","0","Bosnia and Herzegovina","right","175","6.5","6.12","60","1.45","21.05","0","3.54","5.28","0.38","0.33","0","3.14","29.27","12.195","3.29","32.56","6.35","51.81","16.21","35.85","3.52","2.68","0.31","33.72","73.02","6.88","58.89","2.83","43.24","0.05","0","0.08","0","0.08","2.68","57.14","4.05","52.83","1.53","5.73","68"
"I. Nevistić","Croatia 1.","Dinamo Zagreb","GK","27","1500000","2028-06-30","12","1176","0","0","Croatia","right","193","1.15","0","0","0.15","100","0","1.65","0","0","0","0","0","0","0","0","0","0","0","0.15","100","0","0","0","23.49","85.34","11.86","72.26","7.65","58","0","0","0","0","0","1.38","50","0.23","0","0","4.97","72.31"
"J. Pršir","Croatia 1.","Gorica","AMF, LCMF, RCMF","25","2500000","2026-08-31","13","1174","3","0","Croatia","right","181","6.44","5.6","63.01","2.53","33.33","0.23","3.21","1.92","0.15","0.2","0.08","1.92","28","12","1.07","35.71","1.61","61.9","7.9","44.66","2.45","1.69","0.15","27.9","85.99","7.28","71.58","1.3","64.71","0.13","0","0.15","0","0.46","3.99","80.77","1.76","56.52","0.84","3.6","87.23"
"A. Kavelj","Croatia 1.","Gorica","RCMF, LCMF, LDMF","20","0","","13","1169","2","1","Croatia","right","0","7.93","5.54","63.89","3.39","63.64","0.08","4.75","0.77","0.15","0.13","0","0.85","36.36","18.182","0.85","27.27","0.62","37.5","2.69","40","1.46","0.54","0","23.17","70.76","10.16","60.61","2.39","38.71","0.1","0.08","0","0","0.31","3.54","63.04","1.23","43.75","0.54","4","67.31"
"V. Koski","Croatia 1.","Istra 1961","RCB","23","500000","2027-06-30","12","1168","0","0","Finland","right","185","8.63","4.85","66.67","3.39","56.82","0.69","6.89","0.15","0","0.02","0","0.15","0","0","0","0","0.23","66.67","1.31","41.18","0.39","0.69","0.15","53.63","87.07","19.34","72.91","4.85","38.1","0","0.08","0","0","0","4.32","57.14","0.31","25","0.08","8.32","64.81"
"S. Lončar","Croatia 1.","Istra 1961","AMF, RCMF, RWF","28","1000000","","12","1146","3","2","Bosnia and Herzegovina","left","187","3.38","3.53","46.67","1.1","35.71","0.16","2.2","2.75","0.24","0.13","0","1.34","35.29","17.647","1.96","32","3.69","40.43","7.3","31.18","2.28","2.36","0.47","25.99","74.32","7.62","49.48","1.96","52","0.15","0","0.39","40","0.39","3.93","50","3.3","47.62","1.49","4.01","74.51"
"Z. Šarlija","Croatia 1.","Hajduk Split","RCB, LCB","29","2000000","","12","1128","1","1","Croatia","right","189","7.1","5.03","53.97","4.47","66.07","0.4","7.24","0.64","0.08","0.05","0","0.32","50","25","0","0","0.56","85.71","2.79","71.43","0.96","1.28","0.08","54.73","90.52","17.95","82.67","2.95","32.43","0.03","0.08","0","0","0.08","3.83","58.33","0.48","16.67","0.4","5.27","62.12"
"K. Pavičić","Croatia 1.","Vukovar","RB, LCB, LB","26","50000","","12","1116","0","0","Croatia","right","0","10.32","5.08","58.73","2.34","48.28","0.4","7.36","0.89","0","0.03","0","0.4","20","0","1.61","35","0.56","42.86","1.53","47.37","0.56","0.4","0.32","29.76","75.07","12.34","64.71","5.4","47.76","0.01","0","0","0","0.08","3.55","47.73","1.61","35","0","6.77","58.33"
"A. Stojakovic","Croatia 1.","Lokomotiva Zagreb","CF","21","0","","13","1107","3","1","Slovenia","","0","2.85","3.66","42.22","4.07","28","0.08","1.76","2.28","0.24","0.34","0","1.79","45.45","13.636","1.3","43.75","1.54","57.89","5.85","33.33","3.58","1.22","0.24","17.64","75.12","4.07","56","1.06","38.46","0.07","0","0","0","0.49","1.63","55","1.06","84.62","1.14","2.03","80"
"T. Fruk","Croatia 1.","Rijeka","AMF, CF, RCMF","24","5000000","2027-06-15","12","1103","4","1","Croatia","left","177","3.35","3.18","66.67","2.94","27.78","0.08","1.8","3.35","0.24","0.35","0","2.45","26.67","13.333","2.2","37.04","3.59","52.27","12.24","46.67","2.86","1.71","0.49","30.11","79.4","9.55","69.23","2.53","70.97","0.17","0.16","0.08","0","0.65","4.73","79.31","3.18","53.85","1.31","5.39","80.3"
"O. Hadzikić","Croatia 1.","Slaven Belupo","GK","29","700000","","11","1098","0","0","Austria","right","189","0.98","0.08","100","0.33","100","0","0.98","0","0","0","0","0","0","0","0","0","0","0","0","0","0","0","0","21.23","81.47","12.13","68.24","9.67","62.71","0.01","0","0","0","0.08","2.13","42.31","0.16","50","0.08","6.39","67.95"
"M. Bulat","Croatia 1.","Vukovar","GK","26","0","","11","1082","0","0","Croatia","right","194","1.16","0.25","33.33","0.17","100","0","1.27","0","0","0","0","0","0","0","0","0","0","0","0","0","0","0","0","14.22","78.36","8.57","65.05","6.65","58.75","0","0","0","0","0","1.66","40","0.17","0","0","4.74","77.19"
"Ž. Trontelj","Croatia 1.","Gorica","RB, RWB, RW","25","350000","2027-06-30","11","1081","1","3","Slovenia","right","177","7.91","6.66","61.25","2","41.67","0","4.19","3.25","0.08","0.05","0","0.42","60","20","5","45","1.75","42.86","4.08","40.82","1.08","1.83","0.33","35.8","72.09","12.07","63.45","4.58","47.27","0.25","0.08","0.17","0","1.58","4.66","64.29","5.49","54.55","1.42","8.58","76.7"
"R. Pukštas","Croatia 1.","Hajduk Split","AMF","21","0","2027-05-31","12","1078","4","0","United States","right","181","7.01","6.85","60.98","8.35","54","0.17","4.54","3.34","0.33","0.3","0.17","2.09","32","16","0.58","42.86","3.09","75.68","9.43","46.9","4.26","3.26","0.17","21.54","75.58","7.1","70.59","1.67","50","0.07","0.08","0.17","50","0.25","4.01","68.75","1","66.67","1.17","3.34","65"
"S. McKenna","Croatia 1.","Dinamo Zagreb","LCB","28","9000000","2027-06-30","11","1076","1","0","Scotland","left","189","5.94","3.6","67.44","5.86","68.57","0.59","5.15","0.17","0.08","0.02","0.08","0.33","50","25","0","0","0.17","0","1.76","33.33","0.33","1.59","0.25","59.72","92.58","20.24","85.12","4.85","65.52","0","0","0","0","0","5.86","77.14","0.25","100","0.08","8.53","81.37"
"Iker Pozo","Croatia 1.","Gorica","LCMF, DMF, RCMF","25","350000","2026-06-15","12","1074","2","2","Spain","right","176","8.63","7.54","58.89","2.26","37.04","0.17","4.8","1.59","0.17","0.05","0","0.42","40","40","0.75","44.44","1.93","56.52","7.21","47.67","1.01","1.68","0.25","43.91","87.02","12.99","74.19","3.27","66.67","0.06","0.08","0.17","0","0.25","5.28","73.02","1.76","47.62","0.67","5.78","69.57"
"D. Maresić","Croatia 1.","Istra 1961","LCB","26","750000","2026-06-30","11","1071","0","0","Austria","right","183","8.32","3.19","73.68","2.61","51.61","0.84","7.31","0.08","0","0","0","0.08","0","0","0","0","0.08","0","2.02","41.67","0.17","2.52","0.08","58.15","85.26","28.57","76.18","10.92","57.69","0.03","0","0.25","33.33","0.08","11.93","64.79","1.09","23.08","0.34","14.54","80.92"
"D. Kolinger","Croatia 1.","Lokomotiva Zagreb","RCB","31","500000","","11","1062","0","0","Croatia","right","199","9.15","6.53","62.34","4.15","69.39","0.08","6.21","0.17","0","0.05","0","0.76","22.22","0","0.08","0","0","0","1.19","35.71","0.76","0.93","0","42.63","88.67","19.41","83.84","5.51","56.92","0","0","0","0","0","5.59","71.21","0.42","20","0.17","9.15","75.93"
"A. Majstorović","Croatia 1.","Rijeka","RCB","32","400000","","11","1057","0","1","Croatia","right","185","7.15","4.6","66.67","4.51","69.81","0.51","5.75","0.09","0","0.02","0","0.26","0","0","0.17","50","0","0","1.11","61.54","0.43","1.45","0","48.36","85.56","19.33","74.45","7.15","47.62","0","0","0","0","0","6.9","58.02","0.51","16.67","0","7.75","78.02"
"J. Mitrović","Croatia 1.","Slaven Belupo","RB, LAMF, LWF","25","600000","2027-06-30","13","1047","4","1","Croatia","right","174","7.99","5.76","56.72","2.41","39.29","0","5.65","3.09","0.34","0.28","0.09","1.55","44.44","22.222","2.15","44","2.58","53.33","5.33","45.16","3.35","1.2","0.09","24.58","72.03","6.88","58.75","2.41","21.43","0.07","0","0.17","50","0.43","1.89","45.45","2.49","44.83","0.6","3.7","60.47"
"F. Krovinović","Croatia 1.","Hajduk Split","LDMF, AMF","30","2800000","2027-05-31","13","1046","1","0","Croatia","right","175","6.2","3.79","68.18","2.07","58.33","0.34","5.25","1.55","0.09","0.06","0","1.81","38.1","4.762","0.86","50","1.03","33.33","3.87","33.33","1.46","1.55","0.17","47.67","89.35","15.06","79.43","2.24","46.15","0.07","0.09","0.09","100","0.17","7.31","78.82","1.03","58.33","0.6","5.33","79.03"
"J. Mišić","Croatia 1.","Dinamo Zagreb","DMF, RDMF, LDMF","31","2500000","2029-06-30","11","1044","0","0","Croatia","right","187","6.72","5.26","62.3","1.47","64.71","0","4.17","1.72","0","0.07","0","1.29","33.33","0","0.95","36.36","0.95","72.73","3.53","46.34","0.78","1.38","0.09","44.05","88.26","13.02","77.48","3.88","57.78","0.1","0","0.26","100","0","9.22","79.44","1.98","34.78","0.69","7.41","79.07"
"M. Čabraja","Croatia 1.","Gorica","LB, LCB, RCB","28","500000","2027-06-30","11","1034","1","0","Croatia","left","182","7.05","4.61","66.04","2.79","18.75","0.52","4.84","2.35","0.09","0.02","0","0.78","11.11","11.111","2.18","48","2.09","45.83","4.79","50.91","0.44","2.09","0.44","43.87","82.94","22.28","80.86","6.09","61.43","0.05","0","0.26","100","0.52","7.66","75","3.39","64.1","0.96","12.27","80.14"
"M. Valinčić","Croatia 1.","Dinamo Zagreb","RB","22","0","","11","1028","0","1","Croatia","right","182","9.02","6.48","64.86","1.58","44.44","0.26","7.09","2.28","0","0.04","0","0.61","28.57","0","2.28","23.08","2.63","60","6.04","47.83","1.31","2.54","0.61","44.74","80.63","16.46","72.34","4.03","50","0.07","0.09","0","0","0.35","6.39","64.38","2.8","34.38","0.79","8.75","78"
"M. Leš","Croatia 1.","Gorica","LCB, CB","25","300000","2026-06-30","11","1018","0","0","Croatia","left","182","6.81","4.95","57.14","3.01","55.88","0.27","5.02","0","0","0","0","0.09","0","0","0.09","0","0.09","0","1.15","46.15","0.18","0.62","0.27","46.06","91.17","16.53","80.21","3.27","43.24","0.01","0","0.09","0","0","4.07","67.39","0.27","33.33","0.27","6.72","71.05"
"T. Božić","Croatia 1.","Slaven Belupo","RCB","38","100000","","11","1017","0","0","Croatia","right","186","7.79","5.22","71.19","4.07","50","0.53","4.75","0.09","0","0.03","0","0.27","0","0","0.18","50","0","0","0.88","70","0.18","1.33","0.27","36.55","85.23","17.17","73.71","5.49","50","0","0","0","0","0","5.49","66.13","0.88","70","0.53","6.99","67.09"
"F. Čuić","Croatia 1.","Gorica","CF","22","0","","13","1004","5","1","Croatia","right","188","3.59","3.41","47.37","7.71","36.05","0.09","2.48","1.52","0.45","0.39","0.09","1.88","47.62","23.81","0.63","57.14","0.72","37.5","5.83","24.62","3.14","0.36","0","18.56","70.05","3.68","58.54","0.99","36.36","0.04","0","0.18","0","0.36","2.42","55.56","1.17","53.85","0.45","2.33","61.54"
"S. Lawal","Croatia 1.","Istra 1961","RAMF, CF, LAMF","22","0","","12","987","1","1","Nigeria","right","184","4.56","4.19","58.7","3.74","31.71","0","2.56","3.1","0.09","0.19","0","1.82","30","5","2.55","32.14","4.29","40.43","10.67","33.33","3.56","3.37","1","19.6","67.91","3.92","48.84","1.09","33.33","0.12","0.09","0","0","0.18","1.82","45","2.37","50","0.91","2.74","66.67"
"L. Banovec","Croatia 1.","Vukovar","LAMF, RAMF, LW","24","0","","13","967","1","3","Croatia","right","185","7.63","6.79","47.95","3.44","32.43","0.28","4.24","1.68","0.09","0.14","0.09","1.21","30.77","7.692","1.21","46.15","1.77","42.11","7.26","30.77","2.79","1.12","0.09","20.29","69.27","5.86","58.73","1.12","41.67","0.14","0","0.09","0","0.56","1.21","61.54","1.21","61.54","0.65","2.7","55.17"
"Sergi Domínguez","Croatia 1.","Dinamo Zagreb","RCB","20","0","2029-06-30","10","947","1","0","Spain","right","191","8.74","6.27","75.76","4.66","65.31","0.38","5.39","0.67","0.1","0.12","0","0.95","20","10","0.19","50","0.38","75","1.43","60","1.05","1.81","0.29","63.39","87.26","25.18","76.23","4.94","48.08","0","0","0.29","33.33","0","8.17","69.77","0.95","40","0.19","10.45","67.27"
"B. Bošković","Croatia 1.","Lokomotiva Zagreb","LCMF, LDMF, RCMF","23","100000","2026-06-15","13","936","0","0","Bosnia and Herzegovina","right","190","11.06","7.4","59.74","5.1","58.49","0.58","7.02","0.87","0","0.06","0","0.77","25","0","0.19","50","0.67","85.71","4.52","42.55","0.96","0.58","0","29.42","81.05","7.6","63.29","1.83","73.68","0.02","0","0","0","0","3.08","62.5","0.96","60","0.48","4.04","59.52"
"E. Shabani","Croatia 1.","Vukovar","LDMF, LCMF, RDMF","22","175000","","11","933","0","0","Germany","right","180","7.33","7.23","54.67","2.6","48.15","0.77","3.6","1.06","0","0.09","0","0.77","25","0","0.96","20","1.16","33.33","6.17","37.5","0.77","1.93","0.48","31.93","75.23","12.93","61.19","4.44","39.13","0.03","0.19","0.39","75","0.1","6.56","57.35","2.32","50","0.77","5.31","76.36"
"M. Agbekpornu","Croatia 1.","Slaven Belupo","RDMF, DMF, LCMF","27","400000","2026-05-31","12","927","1","1","Ghana","right","188","10.58","7.57","66.67","5.15","49.06","0.49","6.3","0.97","0.1","0.04","0","0.49","40","20","0","0","1.26","61.54","5.44","39.29","0.87","0.49","0.19","36.12","85.75","10.1","69.23","2.62","66.67","0.06","0.1","0.1","0","0.1","5.34","78.18","0.78","25","0.39","5.44","64.29"
"L. Ba","Croatia 1.","Varaždin","LCB, CB","28","350000","","10","925","0","0","France","right","188","8.17","5.06","69.23","3.02","54.84","0.68","5.59","0.58","0","0.02","0","0.29","100","0","0","0","0.39","75","1.65","52.94","0.29","0.29","0","45.92","86.02","20.43","75.71","5.84","51.67","0","0","0","0","0","3.21","48.48","0.19","0","0.1","7.39","52.63"
"S. Mkrtchyan","Croatia 1.","Osijek","LCB, CB","22","350000","2027-06-30","11","925","0","0","Armenia","left","190","7.78","5.45","67.86","4.67","43.75","0.97","5.52","0.39","0","0.01","0","0.1","0","0","0","0","0.58","66.67","1.65","47.06","0.58","0.68","0","45.34","88.84","19.46","81","5.94","59.02","0","0","0","0","0","5.74","77.97","0.39","25","0.29","8.95","82.61"
"M. Devetak","Croatia 1.","Rijeka","LB, LCB","26","700000","2027-06-30","11","917","1","2","Serbia","left","184","8.05","7.36","64","3.73","50","0.39","4.71","0.98","0.1","0.05","0","0.59","33.33","16.667","1.47","46.67","0.29","33.33","1.37","64.29","0.98","1.96","0.2","33.96","84.97","15.51","81.65","2.94","43.33","0.07","0","0","0","0.2","5.2","67.92","1.08","63.64","0.29","6.18","74.6"
"M. Šego","Croatia 1.","Hajduk Split","LAMF, CF","25","700000","2026-05-31","12","902","6","2","Croatia","right","178","3.39","3.69","54.05","2.69","48.15","0","2.03","4.39","0.4","0.5","0.1","2.29","47.83","26.087","3.59","41.67","2.69","59.26","6.78","47.06","2.89","1.7","0.1","21.25","76.06","2.79","71.43","1.4","57.14","0.17","0","0.2","100","0.7","1.7","82.35","4.29","51.16","1","4.09","90.24"
"A. Latković","Croatia 1.","Varaždin","AMF, RAMF, CF","25","450000","2028-05-31","12","898","3","0","Montenegro","right","178","5.81","5.61","69.64","1.8","16.67","0","2.13","2.2","0.3","0.18","0","1.3","30.77","23.077","1","20","2.91","55.17","9.82","41.84","2","1.6","1.4","23.85","80.67","5.71","75.44","0.6","33.33","0.27","0.1","0","0","0.5","2.71","74.07","1.6","62.5","0.9","3.21","71.88"
"T. Duvnjak","Croatia 1.","Varaždin","RDMF, DMF, LDMF","22","300000","2026-05-31","11","894","0","1","Croatia","right","172","8.26","7.15","69.01","1.21","66.67","0.3","3.91","0.91","0","0.03","0","0.7","28.57","0","0.6","33.33","1.31","38.46","5.34","33.96","0.3","1.11","0.6","39.16","84.32","12.28","72.13","6.74","67.16","0.01","0","0.1","0","0.1","7.15","73.24","1.11","45.45","0.3","6.34","73.02"
"L. Jelenić","Croatia 1.","Osijek","RCB, LCB","25","700000","2027-06-30","9","893","2","0","Croatia","right","188","7.76","5.74","68.42","4.43","52.27","0.6","4.43","0.3","0.2","0.13","0.1","0.5","60","40","0","0","0","0","0.6","16.67","0.6","0.6","0.1","45.45","91.57","15.62","79.35","4.13","58.54","0","0","0","0","0","3.63","72.22","0.3","0","0","5.04","64"
"A. Orec","Croatia 1.","Rijeka","RB","24","400000","2026-06-30","11","886","1","3","Croatia","right","0","8.43","7.52","71.62","2.74","40.74","0.3","4.26","3.76","0.1","0.04","0","0.91","22.22","11.111","3.66","41.67","2.95","68.97","6.2","55.74","1.02","2.23","0.3","37.28","79.29","13.61","70.9","3.76","48.65","0.22","0","0","0","0.61","3.96","56.41","3.15","48.39","0.51","7.01","72.46"
"A. Pajaziti","Croatia 1.","Hajduk Split","RDMF, LCMF, LDMF","22","200000","","12","881","0","0","England","left","180","8.27","6.84","55.22","0.61","50","0.1","5.97","1.23","0","0.13","0","1.23","25","0","1.02","30","1.74","35.29","8.99","36.36","0.61","2.04","0.41","54.04","87.9","12.87","72.22","4.29","57.14","0.03","0","0","0","0.31","9.4","76.09","1.53","26.67","0.1","6.23","63.93"
"A. Husić","Croatia 1.","Rijeka","CB, LCB, RCB","24","800000","","9","876","1","1","Switzerland","left","186","4.73","3.08","70","2.05","50","0.41","3.81","0.41","0.1","0.05","0","0.92","11.11","11.111","0.41","25","0.21","100","1.23","41.67","0.62","0.82","0.1","46.44","87.61","15.72","73.2","5.55","50","0.03","0","0","0","0.1","4.62","53.33","0.92","33.33","0.31","7.5","69.86"
"A. Jakupović","Croatia 1.","Osijek","CF, AMF","27","1000000","2027-06-30","10","868","1","0","Austria","left","186","3.11","2.49","54.17","4.56","25","0","1.85","0.83","0.1","0.2","0","1.45","28.57","7.143","0.21","0","0.93","44.44","4.67","33.33","1.87","0.31","0","18.15","76","4.25","53.66","0.52","20","0.04","0","0.21","0","0.21","1.56","60","1.35","69.23","1.04","1.87","55.56"
"M. Heister","Croatia 1.","Istra 1961","LB, LWB","33","250000","2026-06-30","10","859","0","0","Germany","left","182","9.64","6.71","65.63","2.1","65","0.42","5.81","1.26","0","0.01","0","0.42","25","0","1.78","35.29","1.15","45.45","3.25","48.39","0.1","1.05","0.21","32.79","79.55","10.37","64.65","2.83","48.15","0.04","0","0","0","0.1","3.88","48.65","1.89","33.33","0.1","4.09","66.67"
"A. Maurić","Croatia 1.","Istra 1961","LDMF, LCMF","22","0","2027-06-30","12","853","2","0","Croatia","left","187","6.75","5.38","56.86","1.37","46.15","0.21","3.21","0.84","0.21","0.08","0","0.95","22.22","22.222","0.53","40","0.84","50","3.59","52.94","1.16","1.06","0","35.56","86.94","10.02","69.47","1.79","58.82","0.01","0","0.32","0","0.21","5.06","75","1.37","38.46","0.32","5.28","74"
"F. Krivak","Croatia 1.","Lokomotiva Zagreb","RAMF, RW, CF","20","0","2028-06-19","12","853","3","1","Croatia","left","180","4.43","3.59","55.88","2.11","30","0","2.83","2.95","0.32","0.1","0","1.27","58.33","25","0.95","44.44","3.17","53.33","9.28","40.91","2.64","2.53","0.63","21.31","77.72","2.95","57.14","1.69","56.25","0.16","0.11","0.11","100","0.84","1.9","61.11","1.37","53.85","1.06","1.48","78.57"
"I. Nestorovski","Croatia 1.","Slaven Belupo","CF","35","300000","","10","853","1","2","North Macedonia","left","182","2.95","3.17","33.33","8.44","38.75","0.21","2","1.37","0.11","0.21","0","2.22","28.57","4.762","0.53","20","0.84","62.5","6.75","39.06","3.17","0.11","0","22.79","70.83","5.28","56","2.22","38.1","0.04","0.11","0.11","100","0.42","3.06","51.72","1.27","25","1.06","2.43","65.22"
"A. Kadušić","Croatia 1.","Istra 1961","RB, LB, RWB","28","600000","","10","849","1","1","Bosnia and Herzegovina","right","176","12.3","10.92","62.14","1.7","50","0.53","6.84","1.17","0.11","0.02","0","0.53","20","20","2.44","21.74","0.74","42.86","2.33","27.27","0.95","1.8","0.11","41.55","71.43","16.64","59.24","7.74","52.05","0.02","0","0.21","100","0.11","7.1","53.73","3.29","29.03","0.74","10.07","72.63"
"D. Ljubičić","Croatia 1.","Dinamo Zagreb","RCMF, AMF","28","5000000","2029-06-30","11","848","0","2","Austria","right","187","4.99","5.52","57.69","0.96","33.33","0.21","2.4","1.59","0","0.14","0","1.49","35.71","0","0.96","33.33","0.74","71.43","2.55","50","2.33","1.38","0.64","34.92","84.19","8.38","70.89","0.74","57.14","0.22","0.11","0.21","100","0.74","4.56","72.09","1.8","70.59","1.38","3.93","72.97"
"D. Čolina","Croatia 1.","Osijek","RAMF, LB","25","1000000","2027-06-30","12","847","0","1","Croatia","left","174","8.18","6.69","58.73","3.72","34.29","0.21","5.56","2.13","0","0.07","0","0.74","28.57","0","2.23","19.05","2.66","56","6.06","42.11","1.49","1.38","0.11","28.9","74.26","9.46","65.17","2.55","50","0.15","0","0.11","0","0.53","2.76","65.38","2.02","52.63","0.96","5.74","64.81"
"M. Pajač","Croatia 1.","Lokomotiva Zagreb","LWB, LB","32","350000","2026-06-30","9","846","1","1","Croatia","left","185","5.11","4.26","60","0.32","0","0","2.93","4.04","0","0.13","0","0.53","60","20","5.64","35.85","2.34","72.73","6.38","51.67","0.85","2.55","0.43","46.7","72.67","18.09","62.94","5.96","41.07","0.2","0","0","0","0.53","7.45","54.29","6.28","40.68","0.85","11.6","74.31"
"T. Jukić","Croatia 1.","Lokomotiva Zagreb","LCB","24","400000","","11","843","0","0","Germany","right","190","8.43","4.59","72.09","2.56","58.33","0.32","6.42","0.53","0","0","0","0.32","33.33","0","0.21","50","0.43","50","2.24","47.62","0.21","2.14","0.21","47.4","84.68","24.77","76.29","4.27","55","0.02","0","0.11","100","0","7.15","74.63","0.75","42.86","0.21","8.75","67.07"
"M. Lisica","Croatia 1.","Dinamo Zagreb","RAMF, RW, RB","22","500000","2029-06-30","11","836","2","3","Croatia","right","178","6.46","5.17","68.75","0.97","44.44","0","3.87","4.09","0.22","0.13","0","1.08","40","20","3.44","40.63","3.77","60","5.49","52.94","2.26","2.48","0.54","31.33","83.51","6.67","85.48","1.94","66.67","0.3","0.11","0","0","0.97","1.72","87.5","3.44","53.13","1.4","4.95","82.61"
"B. Mlačić","Croatia 1.","Hajduk Split","LCB, RCB","18","0","","9","833","0","1","Croatia","unknown","0","6.81","5.08","72.34","4","64.86","0.32","5.34","0.22","0","0.09","0","0.22","100","0","0","0","0","0","1.84","35.29","0.54","1.51","0","43.65","89.11","14.26","73.48","2.7","20","0.01","0","0","0","0.11","3.24","63.33","0.32","0","0.11","4.32","55"
"J. Puljić","Croatia 1.","Vukovar","CF","32","250000","2027-06-30","9","831","4","0","Croatia","both","187","3.47","3.25","50","9.21","37.65","0","1.93","1.08","0.43","0.37","0","1.73","43.75","25","0.65","33.33","0.32","33.33","5.42","22","3.47","0","0","15.92","70.07","3.79","45.71","0.97","66.67","0.04","0","0","0","0.54","2.38","50","0.76","57.14","0.54","1.52","78.57"
"L. Belcar","Croatia 1.","Varaždin","AMF, RCMF, LCMF","23","400000","2027-12-31","11","828","1","0","Croatia","right","186","5.11","4.46","43.9","2.17","20","0.11","2.79","0.76","0.11","0.1","0","1.41","23.08","7.692","0.43","25","1.09","30","8.04","28.38","1.2","2.5","0.33","34.24","84.13","10.43","70.83","4.24","51.28","0","0","0","0","0.22","5.33","69.39","0.87","37.5","0.22","4.67","69.77"
"A. Boršić","Croatia 1.","Varaždin","LB, LWB","30","550000","2026-05-31","10","826","1","0","Croatia","left","180","9.59","7.08","70.77","1.85","58.82","0.33","4.96","1.63","0.11","0.04","0","0.76","57.14","14.286","0.98","55.56","1.31","50","3.7","64.71","0.22","1.53","0.11","40.75","80.21","17.76","67.48","5.77","43.4","0.02","0","0","0","0.22","5.77","64.15","1.42","76.92","0.54","8.72","67.5"
"M. Marina","Croatia 1.","Varaždin","LDMF, RDMF, RCMF","36","150000","","11","820","1","0","Bosnia and Herzegovina","right","184","12.84","9.11","68.67","4.61","40.48","0.22","7.2","0.44","0.11","0.09","0","0.77","28.57","14.286","0.22","0","0.44","50","2.63","37.5","1.54","0.11","0","32.16","76.45","12.73","60.34","5.27","50","0","0.11","0.11","0","0","5.93","53.7","1.1","30","0.22","5.6","54.9"
"Š. Hrgović","Croatia 1.","Hajduk Split","LB","21","0","2028-06-30","9","810","0","2","Croatia","left","0","6.89","6","61.11","1.56","57.14","0","5","2.33","0","0","0","0.11","0","0","3.11","39.29","2","55.56","3.44","48.39","0.44","1.89","0.78","42.33","77.43","19.44","70.29","4.56","29.27","0.05","0","0.11","0","0.33","6.56","62.71","3.11","46.43","0.44","9.22","65.06"
"M. Caimacov","Croatia 1.","Slaven Belupo","LCMF, LDMF, RCMF","27","400000","2027-06-30","12","810","1","0","Moldova","left","183","10.22","6.78","62.3","2.33","38.1","0","6.42","1.44","0.11","0.09","0","0.67","66.67","16.667","0.56","80","1.44","38.46","7.78","41.43","1","1.33","0.22","35.56","86.56","10.22","70.65","2.11","68.42","0.06","0","0.33","0","0","3.56","71.88","2.44","72.73","1.11","4.11","75.68"
"B. Goda","Croatia 1.","Dinamo Zagreb","LB","27","2000000","2027-06-30","11","807","0","0","Croatia","left","182","9.14","7.14","67.19","2.57","69.57","0","5.08","1.34","0","0.03","0","0.56","0","0","2.45","22.73","1.45","53.85","5.91","39.62","0.45","2.01","0.45","45.06","78.47","19.74","67.8","5.35","45.83","0.03","0","0","0","0.11","6.13","69.09","2.23","35","0.11","8.81","70.89"
"D. Vuković","Croatia 1.","Lokomotiva Zagreb","LAMF, LWF, LW","23","200000","","12","801","1","0","Montenegro","right","185","5.28","5.06","53.33","2.25","40","0.11","3.49","3.03","0.11","0.32","0","1.24","63.64","9.091","1.91","29.41","3.93","42.86","10.67","31.58","3.03","1.01","0.22","18.76","67.07","4.61","43.9","1.01","55.56","0.08","0","0.22","0","0.11","2.02","66.67","2.47","54.55","0.9","2.92","65.38"
"Iuri Tavares","Croatia 1.","Varaždin","LAMF, CF","24","600000","2026-12-31","9","800","1","1","Portugal","right","191","6.75","4.84","76.74","2.14","84.21","0","3.18","4.28","0.11","0.13","0.11","1.69","13.33","6.667","1.91","35.29","5.06","64.44","13.84","40.65","2.14","3.38","0.68","25.09","76.68","7.31","81.54","1.01","55.56","0.12","0","0.11","100","0.45","2.7","79.17","2.25","50","1.01","5.63","74"
"I. Mamut","Croatia 1.","Varaždin","CF","28","225000","2025-12-31","12","791","4","2","Croatia","left","191","2.39","2.28","45","3.75","39.39","0.11","1.5","1.59","0.11","0.56","0","3.07","33.33","14.815","0.57","40","0.68","33.33","6.37","26.79","2.05","0.46","0.11","17.98","73.42","3.19","46.43","1.25","63.64","0.12","0","0.23","50","0.46","2.16","63.16","1.14","40","0.46","2.16","73.68"
"L. Zuta","Croatia 1.","Slaven Belupo","LB, LCB","33","150000","","9","786","0","0","Sweden","left","183","7.33","5.73","60","2.52","63.64","0.34","4.56","0.69","0","0","0","0.11","0","0","1.72","33.33","0.23","50","1.26","45.45","0","0.69","0.11","31.49","72","16.26","61.27","7.9","49.28","0.03","0.11","0","0","0","6.18","48.15","2.86","36","0.34","7.56","65.15"
"A. Šuto","Croatia 1.","Slaven Belupo","RWF, LAMF, RAMF","25","0","","12","784","4","1","Croatia","left","185","5.97","5.05","59.09","5.17","31.11","0.23","3","2.18","0.46","0.23","0","1.49","46.15","30.769","1.15","40","2.87","32","10.91","22.11","2.98","1.38","0.34","14.01","69.67","2.98","65.38","1.49","69.23","0.01","0","0.11","100","0.23","0.69","50","1.15","40","0.34","1.61","57.14"
"H. Babec","Croatia 1.","Osijek","LDMF, LCMF, AMF","26","1500000","2026-06-30","10","783","0","0","Croatia","right","187","7.82","6.21","50","3.56","70.97","0.57","5.58","0.34","0","0.07","0","0.8","28.57","0","0","0","0.11","0","1.15","50","0.69","0.8","0","54.25","86.23","15.52","72.59","4.6","60","0.02","0","0.11","100","0.11","7.93","75.36","0.69","33.33","0.23","7.7","71.64"
"M. Mladenovski","Croatia 1.","Varaždin","RCB","25","125000","2027-05-31","9","780","0","0","North Macedonia","right","191","9.58","6.12","64.15","3.81","42.42","0.46","5.97","0.35","0","0.08","0","0.46","25","0","0.12","100","0.23","50","0.81","42.86","0.46","0.12","0","38.31","85.54","17.08","77.03","6.92","46.67","0","0.12","0","0","0","3.69","59.38","0.12","100","0","7.38","71.88"
"M. Tičinović","Croatia 1.","Vukovar","RB, LB","34","150000","2026-06-30","10","773","0","1","Croatia","right","172","7.57","7.45","48.44","3.73","43.75","0.23","4.44","3.38","0","0.01","0","0.47","50","0","3.14","51.85","2.33","65","4.89","50","0.35","2.21","0.12","32.37","74.1","14.32","59.35","6.4","49.09","0.14","0","0","0","0.23","6.29","61.11","3.84","51.52","0.47","9.55","70.73"
"N. Sigur","Croatia 1.","Hajduk Split","RDMF, RB, LDMF","22","0","2028-05-31","11","772","1","1","Canada","right","180","10.49","7.81","65.67","2.56","45.45","0.47","9.35","0.93","0.12","0.04","0","0.35","33.33","33.333","0.35","33.33","0.82","71.43","3.61","51.61","0.47","1.52","0.23","43.48","88.47","13.52","77.59","3.15","62.96","0.02","0","0.35","33.33","0.12","4.31","72.97","1.4","41.67","0.35","6.3","77.78"
"D. Petrovič","Croatia 1.","Rijeka","LCMF, RDMF, DMF","27","300000","2026-06-30","9","770","0","0","Slovenia","right","179","7.71","5.96","56.86","1.87","37.5","0","6.07","0.47","0","0.02","0","0.47","0","0","0.23","50","0.47","75","2.34","55","0.35","0.7","0","34.48","85.08","9.94","70.59","3.04","69.23","0.02","0","0","0","0","4.68","70","0.7","66.67","0.23","4.68","77.5"
"D. Bukvić","Croatia 1.","Osijek","LB, RAMF","21","0","2027-06-30","12","767","0","0","Croatia","left","174","8.8","8.21","57.14","1.64","35.71","0","5.44","3.29","0","0.1","0","1.06","22.22","0","2.58","36.36","3.64","58.06","9.15","37.18","3.4","3.05","0.35","33.91","76.47","11.73","66","1.41","33.33","0.08","0","0","0","0.35","2.46","61.9","2.11","55.56","1.41","6.22","66.04"
"Tiago Dantas","Croatia 1.","Rijeka","LDMF, LW, RDMF","24","3000000","","10","765","1","1","Portugal","right","169","5.29","3.76","56.25","1.18","60","0.12","4.48","0.71","0.12","0.13","0","1.06","22.22","11.111","0.94","25","0.35","66.67","2.35","35","0.82","1.18","0.12","39.65","85.46","10.47","74.16","5.65","75","0.09","0","0","0","0.24","5.29","82.22","2","52.94","0.82","6.35","74.07"
"S. Prevljak","Croatia 1.","Istra 1961","CF","30","900000","","10","746","1","0","Bosnia and Herzegovina","right","187","2.65","3.26","51.85","3.62","26.67","0","1.29","1.21","0.12","0.15","0","1.09","66.67","11.111","0.36","66.67","0.6","40","8.08","35.82","2.29","0.48","0","12.18","71.29","2.29","47.37","0.12","0","0.02","0","0.12","0","0.12","1.21","40","0.72","66.67","0.12","1.81","66.67"
"D. Beljo","Croatia 1.","Dinamo Zagreb","CF","23","4000000","2030-06-30","12","741","5","0","Croatia","left","195","2.31","1.34","54.55","3.89","37.5","0.12","2.36","2.79","0.49","0.72","0","2.79","69.57","21.739","0.12","0","2.79","30.43","8.87","32.88","5.22","0.61","0.24","16.88","79.86","2.91","66.67","0.24","0","0.1","0.12","0","0","0.36","0.49","75","0","0","0.73","0.85","42.86"
"L. Vrzić","Croatia 1.","Gorica","LW, LWB, LAMF","18","0","2026-06-30","12","740","1","0","Croatia","right","0","6.32","5.72","61.7","1.7","35.71","0.24","3.26","3.89","0.12","0.16","0","1.58","38.46","7.692","2.92","33.33","3.41","67.86","6.45","43.4","2.92","2.19","0.12","31.01","76.86","8.15","62.69","2.31","52.63","0.07","0","0","0","0.49","2.43","50","3.28","51.85","1.34","4.74","89.74"
"N. Janković","Croatia 1.","Rijeka","LAMF, LDMF, AMF","24","5000000","2029-01-15","9","719","0","1","Croatia","right","188","5.26","4.13","66.67","1.75","50","0.25","3.12","3.5","0","0.16","0","1.88","26.67","0","2.13","29.41","3.13","76","6.38","52.94","1.88","1.75","0.13","24.91","79.9","5.88","65.96","1.13","33.33","0.27","0.13","0","0","0.5","2.5","45","2","50","0.63","2.5","70"
"D. Mejía","Croatia 1.","Vukovar","RDMF, RW, LDMF","22","0","2026-06-30","12","706","1","0","Colombia","unknown","163","10.71","9.18","58.33","1.91","26.67","0","4.87","3.06","0.13","0.11","0","1.27","20","10","1.53","58.33","2.17","88.24","6.88","53.7","1.53","2.04","0.38","28.43","75.34","9.94","56.41","3.82","53.33","0.03","0.13","0.38","0","0.13","6.25","61.22","1.78","50","0.25","7.14","69.64"
"D. Pavičić","Croatia 1.","Gorica","AMF, CF, RCMF","31","600000","2026-06-30","11","703","0","0","Croatia","right","179","4.86","2.43","47.37","1.66","38.46","0.26","3.43","1.15","0","0.14","0","1.28","30","0","0.13","0","1.54","50","7.43","36.21","1.79","1.28","0.13","30.6","88.7","9.09","78.87","1.28","40","0.02","0.13","0.13","0","0.13","3.84","80","1.54","66.67","1.15","4.22","81.82"
"I. Katić","Croatia 1.","Lokomotiva Zagreb","RCMF, RDMF","20","0","","10","694","0","0","Croatia","unknown","0","6.74","5.45","57.14","1.04","50","0","4.46","1.17","0","0.06","0","1.04","12.5","0","0.65","0","1.43","72.73","7.39","43.86","0.78","1.3","0.13","33.85","81.99","9.47","71.23","2.07","56.25","0.03","0","0","0","0.13","5.06","71.79","0.91","42.86","0.52","4.15","71.88"
"S. Shopov","Croatia 1.","Osijek","AMF, RDMF","23","600000","2028-06-30","12","693","0","1","Bulgaria","right","179","6.75","5.97","60.87","0.91","14.29","0","3.84","1.3","0","0.17","0","1.56","33.33","0","1.17","22.22","0.91","42.86","2.99","21.74","2.08","0.91","0.13","31.95","71.14","10.65","58.54","3.9","46.67","0.18","0.13","0.13","100","0.65","3.9","46.67","2.34","61.11","1.3","5.32","58.54"
"F. Karačić","Croatia 1.","Hajduk Split","RB, RWB","29","500000","2028-06-30","9","692","1","2","Croatia","right","181","7.41","6.37","57.14","2.21","58.82","0.39","5.03","2.21","0.13","0.05","0.13","1.04","25","12.5","4.16","31.25","1.17","55.56","3.25","44","1.95","1.3","0.13","41.62","72.81","16.91","63.08","4.55","31.43","0.13","0","0","0","0.26","5.59","48.84","4.29","30.3","0.39","8.97","71.01"
"S. Perić","Croatia 1.","Gorica","RB, RCB","28","350000","","9","690","0","0","Austria","right","187","5.61","4.17","56.25","3.39","69.23","0.39","4.39","0.52","0","0.01","0","0.26","50","0","0.91","14.29","0.52","50","2.09","37.5","0.65","1.7","0.13","40.96","83.12","18.13","76.26","5.09","43.59","0","0","0","0","0","4.17","62.5","0.91","14.29","0.26","8.61","66.67"
"M. Vešović","Croatia 1.","Lokomotiva Zagreb","RWB, RB","34","250000","","9","687","1","0","Montenegro","right","180","7.99","5.9","60","1.31","40","0","5.6","2.75","0.13","0.11","0","0.39","33.33","33.333","4.32","39.39","1.44","63.64","7.99","31.15","1.7","2.1","0.52","34.85","72.18","9.56","50.68","1.83","28.57","0.16","0","0.13","0","0.39","3.93","50","3.54","48.15","0.39","6.68","60.78"
"R. Henning","Croatia 1.","Vukovar","LCB, RCB","25","325000","","7","680","0","0","Jamaica","right","193","6.75","2.65","55","2.12","43.75","0.4","6.12","0.66","0","0","0","0.13","0","0","0.4","33.33","0.53","75","1.46","36.36","0.13","0.93","0.26","45.13","87.1","21.97","80.72","3.44","42.31","0.01","0","0.13","100","0.13","4.63","82.86","0.79","33.33","0.13","9.66","63.01"
"M. Tadić","Croatia 1.","Vukovar","RCB","32","0","","9","673","0","0","Croatia","","0","9.09","5.35","65","4.95","51.35","0.53","6.81","0.94","0","0.03","0","0.8","66.67","0","0.67","20","0.4","66.67","2.27","64.71","0.27","0.67","0","43.19","81.11","19.26","70.83","8.16","47.54","0","0.13","0","0","0","7.89","61.02","1.34","40","0.53","9.76","69.86"
"F. Maglica","Croatia 1.","Varaždin","RB, RWB","28","300000","2027-05-31","9","672","0","3","Croatia","right","190","7.37","5.89","79.55","1.47","54.55","0","3.33","3.21","0","0","0","0.27","50","0","4.42","30.3","3.08","56.52","6.56","46.94","0.54","2.68","0.54","37.9","73.85","13.66","66.67","4.69","57.14","0.17","0","0.13","0","0.8","4.55","73.53","4.02","36.67","0.27","9.38","67.14"
"O. Petrusenko","Croatia 1.","Osijek","LDMF, RDMF, CF","27","1000000","2026-06-30","10","672","0","2","Ukraine","right","181","12.72","10.31","64.94","2.14","31.25","0.27","7.31","0.27","0","0.01","0","0.4","33.33","0","0.13","0","0.27","50","5.76","34.88","0.13","0.13","0","40.31","90.37","12.32","85.87","3.08","95.65","0.09","0","0","0","0.27","6.7","92","0.4","66.67","0.27","7.1","73.58"
"K. Çalhanoğlu","Croatia 1.","Vukovar","LB","23","400000","","7","644","0","0","Germany","left","180","9.78","5.03","66.67","1.4","30","0.14","6.89","2.24","0","0.01","0","0.56","75","0","3.63","34.62","1.54","36.36","2.66","31.58","0.42","1.68","0.28","31.44","65.78","15.93","61.4","6.01","41.86","0.06","0","0","0","0.42","3.91","53.57","3.07","40.91","0.14","9.22","62.12"
"L. Vrbančić","Croatia 1.","Osijek","RDMF, AMF, RCMF","20","0","2028-06-30","8","627","0","0","Croatia","right","0","11.34","10.48","63.01","1","0","0","4.66","0.72","0","0.08","0","1.44","0","0","0.14","100","1.44","40","7.03","46.94","1.29","1.72","0.57","42.78","84.56","13.64","72.63","3.3","60.87","0.03","0","0","0","0.14","6.89","77.08","1.29","66.67","0.86","6.32","79.55"
"Iker Almena","Croatia 1.","Hajduk Split","RAMF, RW, LWB","21","0","","8","614","1","0","Spain","left","176","4.25","3.96","59.26","0.29","50","0.15","2.56","2.93","0.15","0.15","0","1.61","54.55","9.091","1.47","20","2.79","57.89","8.06","40","3.37","2.35","0.15","24.04","78.05","5.57","65.79","1.32","44.44","0.13","0.15","0.29","50","0.44","1.61","81.82","3.52","62.5","2.35","3.81","69.23"
"S. Radeljić","Croatia 1.","Rijeka","LCB","28","2000000","2026-06-30","7","613","0","0","Bosnia and Herzegovina","left","201","9.25","5.14","68.57","4.99","52.94","0.44","6.98","0.29","0","0.01","0","0.15","0","0","0.44","0","0.44","66.67","1.47","70","0.59","0.73","0","45.22","80.52","19.53","67.67","5.87","35","0","0","0","0","0","7.78","56.6","1.91","15.38","0.29","7.78","66.04"
"A. Rebić","Croatia 1.","Hajduk Split","LAMF, CF, LW","32","2200000","","9","612","1","1","Croatia","right","185","5","5.44","43.24","3.82","46.15","0.15","3.93","4.41","0.15","0.28","0","2.35","43.75","6.25","2.79","31.58","3.97","59.26","12.35","41.67","5.29","2.21","0.29","23.53","66.25","5.74","58.97","1.47","60","0.28","0","0.15","100","0.74","1.76","66.67","3.24","63.64","2.21","4.41","80"
"A. Hoxha","Croatia 1.","Dinamo Zagreb","LWF, LAMF, LW","27","1800000","2027-06-19","11","605","3","1","Kosovo","right","185","3.42","3.72","68","0.89","50","0","1.28","5.5","0.45","0.16","0","2.53","35.29","17.647","2.23","26.67","7.14","56.25","18.45","41.94","4.61","5.36","0.74","21.72","82.88","2.68","83.33","0","0","0.15","0","0","0","0.15","1.04","100","2.23","73.33","1.04","2.83","73.68"
"V. Rozic","Croatia 1.","Istra 1961","LAMF, LWF, LW","22","0","","9","594","0","0","Croatia","right","0","3.48","4.09","48.15","2.42","25","0","1.31","3.48","0","0.22","0","1.82","16.67","0","2.12","14.29","3.79","76","9.09","48.33","2.58","2.27","0.3","21.97","74.48","4.39","62.07","1.21","37.5","0.04","0","0","0","0.3","0.91","83.33","1.36","33.33","0.45","3.18","47.62"
"Š. Mikolčić","Croatia 1.","Osijek","RDMF, AMF, RCMF","21","150000","2026-06-30","12","585","2","0","Croatia","left","0","5.85","5.38","62.86","2.62","58.82","0.15","3.58","0.92","0.31","0.14","0","2","23.08","15.385","0.77","40","0.62","25","5.85","44.74","1.38","0.92","0.15","27.08","77.27","9.38","57.38","3.08","45","0.05","0.15","0.15","0","0","5.54","66.67","1.23","25","0.15","5.08","57.58"
"J. Šuver","Croatia 1.","Vukovar","LCB, LB","22","50000","","7","578","0","0","Germany","right","189","7.32","4.2","66.67","2.02","53.85","0.62","5.03","0.78","0","0.01","0","0.16","100","0","0.62","50","0.31","100","0.78","80","0.16","0.31","0","33.17","84.04","17.13","80.91","5.29","44.12","0.01","0","0","0","0","3.11","75","0.62","75","0.16","7.32","70.21"
"Y. Touré","Croatia 1.","Osijek","CF","25","0","","11","561","0","1","Senegal","right","184","3.85","1.93","41.67","6.42","30","0.32","5.09","1.12","0","0.2","0","1.28","37.5","0","0.64","25","0.8","40","6.42","25","3.05","0.96","0.32","11.23","77.14","2.09","76.92","0.16","100","0.09","0","0.32","50","0.32","1.12","85.71","0.96","50","0.32","1.6","80"
"E. Frederiksen","Croatia 1.","Istra 1961","RWF, LWF, RAMF","25","800000","2026-12-31","10","559","1","1","Denmark","left","175","5.8","5.15","65.63","2.25","14.29","0.16","3.36","0.97","0.16","0.05","0","0.48","33.33","33.333","1.61","40","0.97","0","3.7","17.39","1.77","1.13","0","25.92","67.08","9.02","58.93","2.09","61.54","0.28","0","0.16","100","0.97","3.38","61.9","2.9","61.11","1.77","6.6","80.49"
"J. Lasickas","Croatia 1.","Rijeka","LB, RAMF, RB","28","300000","","9","541","0","0","Lithuania","right","176","11.15","9.15","56.36","3.16","42.11","0.17","7.26","2","0","0.03","0","0.67","25","0","1.83","36.36","1.83","45.45","6.16","43.24","1.33","1.66","0.5","36.93","74.77","14.14","62.35","2.83","47.06","0.06","0.17","0.33","100","0.33","4.49","48.15","2.5","33.33","0.67","5.99","63.89"
"I. Cvijanović","Croatia 1.","Osijek","LCB, LB","22","500000","","8","535","0","0","Croatia","left","185","7.23","4.37","61.54","3.7","59.09","0.5","5.65","0","0","0.01","0","0.34","0","0","0.17","0","0","0","0.84","40","0.17","0.84","0","50.3","83.28","24.9","76.35","8.07","52.08","0","0","0","0","0","8.92","62.26","0.84","20","0.34","10.93","67.69"
"D. Čop","Croatia 1.","Rijeka","CF","35","100000","","10","533","2","0","Croatia","right","184","4.39","3.88","52.17","4.22","20","0","3.41","1.18","0.34","0.46","0","1.86","36.36","18.182","0","0","1.01","50","5.91","11.43","3.88","0.34","0","15.03","75.28","3.55","61.9","0.34","50","0.11","0","0.17","0","0.51","0.84","60","0.84","40","0.84","1.18","57.14"
"J. Vasilj","Croatia 1.","Lokomotiva Zagreb","AMF, LW","23","400000","2026-06-30","10","533","0","1","Croatia","right","181","4.05","2.7","81.25","3.71","31.82","0.17","1.59","4.05","0","0.22","0","1.86","27.27","0","1.35","25","3.88","78.26","13.51","42.5","4.73","2.7","0.34","31.58","77.54","11.14","71.21","1.86","54.55","0.21","0","0.17","100","0.68","4.05","62.5","1.86","45.45","1.52","4.39","76.92"
"L. Škaričić","Croatia 1.","Varaždin","LCB, LB, RCB","23","250000","2028-05-31","8","531","1","0","Croatia","right","190","9.49","5.42","65.63","2.03","75","0.34","5.84","0.68","0.17","0.18","0","0.68","50","25","0.68","25","0.17","100","1.19","42.86","1.02","1.69","0.34","39.32","86.21","16.44","78.35","5.59","63.64","0","0","0.17","0","0","3.9","69.57","0.51","33.33","0","7.46","72.73"
"M. Subotić","Croatia 1.","Lokomotiva Zagreb","RCMF, LCMF, DMF","17","0","2026-06-30","11","518","0","1","Croatia","unknown","0","6.08","4.17","58.33","1.22","14.29","0.17","4.79","0.69","0","0","0","0","0","0","0.69","25","0.52","100","5.56","59.38","0.52","0.52","0","35.97","89.37","9.03","75","2.08","50","0.12","0","0.17","0","0.17","3.47","85","0.69","25","0","4.17","66.67"
"F. Krušelj","Croatia 1.","Slaven Belupo","RB, RWB","20","0","2027-05-31","6","518","0","0","Croatia","right","182","13.9","11.64","52.24","2.78","37.5","0.69","9.04","2.08","0","0.04","0","0.52","33.33","0","2.61","33.33","1.39","75","3.47","40","1.04","1.56","0.17","30.75","71.75","13.55","69.23","5.56","50","0.12","0","0","0","0.52","4.52","50","1.74","30","0.17","5.91","58.82"
"I. Ćubelić","Croatia 1.","Slaven Belupo","RDMF, LDMF, RCMF","22","250000","","11","514","0","0","Croatia","right","184","9.11","7.7","59.09","3.33","26.32","0.18","5.86","0.53","0","0.05","0","1.23","14.29","0","0.7","0","0.35","100","2.28","53.85","1.05","0.18","0.18","39.22","79.46","13.83","62.03","4.38","60","0","0","0","0","0","6.13","62.86","1.58","0","0.18","5.95","67.65"
"E. Duraković","Croatia 1.","Gorica","LB, LWB","25","200000","2026-05-30","9","500","0","0","Bosnia and Herzegovina","left","186","9.36","7.56","52.38","3.06","29.41","0.36","6.43","2.7","0","0.04","0","1.26","28.57","0","3.96","31.82","2.52","42.86","7.2","30","1.62","1.98","0.18","30.96","72.67","12.06","59.7","3.96","36.36","0.18","0","0","0","0.72","3.96","59.09","2.52","35.71","0.18","5.4","60"
"R. Raçi","Croatia 1.","Hajduk Split","LCB","23","0","","8","499","0","0","Kosovo","left","189","9.56","6.13","73.53","2.16","41.67","0.36","5","1.08","0","0.05","0","0.72","0","0","0.18","100","0.72","100","4.33","37.5","0.18","2.53","0","46.35","88.33","18.4","78.43","5.05","57.14","0","0","0.36","50","0","5.23","72.41","0.36","50","0","7.03","64.1"
"E. Hasić","Croatia 1.","Osijek","RCB","22","350000","2027-06-30","6","497","0","0","Sweden","right","191","7.24","5.79","62.5","3.08","35.29","0.36","4.87","0","0","0","0","0","0","0","0.18","0","0","0","0.72","75","0.18","1.45","0.18","49.8","88.73","14.67","74.07","5.25","51.72","0.01","0","0","0","0","4.89","51.85","0.72","25","0.36","6.7","72.97"
"L. Menalo","Croatia 1.","Rijeka","LAMF, LW, RB","29","600000","2026-06-30","9","484","1","0","Croatia","right","181","6.51","7.62","41.46","2.23","33.33","0","4.36","3.16","0.19","0.13","0","1.3","71.43","14.286","2.6","7.14","4.83","42.31","11.9","39.06","3.72","3.53","0.19","23.99","68.99","6.14","63.64","2.05","36.36","0.04","0.37","0","0","0.19","2.79","66.67","1.86","40","1.67","5.02","59.26"
"A. Sanyang","Croatia 1.","Hajduk Split","RAMF, LAMF","26","600000","2027-06-30","11","484","2","2","Gambia","left","173","5.21","4.65","56","1.12","0","0","3.63","7.44","0.37","0.3","0.37","2.23","50","16.667","3.53","31.58","10.04","51.85","18.04","45.36","4.83","4.46","0.93","23.8","67.97","6.69","63.89","0.74","25","0.25","0","0","0","1.3","1.49","75","3.9","38.1","1.67","4.09","77.27"
"S. Kulenović","Croatia 1.","Dinamo Zagreb","CF","25","2000000","","12","483","5","0","Croatia","right","190","4.29","2.05","72.73","5.59","36.67","0.19","5.23","2.42","0.75","0.76","0.19","2.8","53.33","33.333","0.93","0","1.3","71.43","6.34","47.06","4.66","0.93","0.75","19.94","76.64","2.05","36.36","0.56","33.33","0.03","0.19","0","0","0.19","1.49","50","0.75","50","0.75","1.12","50"
"M. Livaja","Croatia 1.","Hajduk Split","CF","32","5000000","2027-06-30","7","481","1","1","Croatia","right","182","1.31","1.68","66.67","3.74","40","0","0.31","3.56","0.19","0.31","0","2.43","46.15","7.692","0.94","40","2.81","66.67","10.67","40.35","4.49","1.12","0","19.46","72.12","5.8","58.06","2.06","54.55","0.08","0","0.56","33.33","0.56","3.18","64.71","2.99","43.75","1.68","3.18","94.12"
"V. Jovanov","Croatia 1.","Varaždin","RB","26","175000","2026-05-31","7","474","0","0","North Macedonia","","176","10.06","9.49","64","3.04","31.25","0.38","5.04","1.52","0","0","0","0.38","0","0","3.99","33.33","0.95","20","6.08","53.13","0.19","0.95","0.76","31.14","68.29","13.86","61.64","6.84","52.78","0.04","0","0","0","0.19","4.94","50","3.8","40","0.38","8.54","64.44"
"I. Bennacer","Croatia 1.","Dinamo Zagreb","LCMF, RDMF, LDMF","27","30000000","2027-06-30","6","474","0","2","France","left","175","10.44","7.03","78.38","1.71","55.56","0","5.66","3.04","0","0.1","0","0.76","25","0","1.71","44.44","2.85","73.33","14.24","52","0.95","1.52","0","49.37","89.62","18.42","82.47","4.18","63.64","0.13","0","0.19","0","0.19","9.3","79.59","1.9","70","0.76","7.41","89.74"
"L. Crepulja","Croatia 1.","Slaven Belupo","LDMF, RDMF, DMF","32","450000","2026-06-30","9","465","0","0","Bosnia and Herzegovina","right","178","7.55","5.03","53.85","1.74","77.78","0.39","5.7","0.39","0","0","0","0","0","0","0.58","66.67","0","0","1.55","50","0","0.58","0","47.42","86.53","15.87","73.17","4.26","45.45","0.01","0","0","0","0","8.32","69.77","1.35","28.57","0.19","6.58","64.71"
"Z. Katalinić","Croatia 1.","Slaven Belupo","RB, RCB, LB","21","0","2026-06-30","7","458","0","0","Croatia","right","0","6.29","5.9","56.67","3.34","47.06","0.2","3.75","0.79","0","0","0","0","0","0","1.18","50","0.39","50","2.55","38.46","0.2","2.95","0.59","34.19","82.76","14.54","68.92","3.93","55","0.04","0","0","0","0.2","5.7","68.97","2.16","54.55","0.59","6.88","71.43"
"L. Stojković","Croatia 1.","Dinamo Zagreb","LCMF, AMF, LW","22","1500000","2028-06-19","9","457","1","1","Croatia","right","182","5.91","3.74","57.89","2.36","50","0","6.07","2.56","0.2","0.22","0","2.95","40","6.667","1.38","28.57","1.58","62.5","8.27","33.33","2.95","1.58","0.39","38.6","85.71","8.86","75.56","1.58","87.5","0.3","0","0.2","0","0.2","3.15","93.75","2.76","57.14","1.18","5.51","82.14"
"D. Antolić","Croatia 1.","Lokomotiva Zagreb","LCMF, AMF, RDMF","35","600000","","7","455","1","0","Croatia","right","179","5.34","4.75","54.17","1.98","20","0.2","3.46","1.98","0","0.28","0","1.38","14.29","14.286","2.18","45.45","1.19","66.67","5.74","48.28","1.98","2.18","0","49.05","89.11","13.85","84.29","4.15","71.43","0.08","0.2","0","0","0.4","6.53","78.79","2.18","63.64","0.99","6.13","74.19"
"M. Bakrar","Croatia 1.","Dinamo Zagreb","RWF, RAMF, RW","24","1200000","2028-06-30","9","438","4","1","Algeria","right","183","4.93","3.49","58.82","3.49","35.29","0","4.72","3.7","0.82","0.28","0","3.49","29.41","23.529","2.05","30","3.7","55.56","11.1","44.44","4.93","2.47","0.21","22.4","69.72","4.52","50","0.82","0","0.04","0","0","0","0.21","1.64","50","1.64","62.5","1.23","3.49","58.82"
"I. Lepinjica","Croatia 1.","Slaven Belupo","CF, LCMF, AMF","26","0","2026-05-31","9","428","0","0","Croatia","","0","4.21","3.79","61.11","6.52","16.13","0","2.22","0.63","0","0.11","0","0.63","33.33","0","1.05","0","1.05","40","5.89","14.29","1.89","0.42","0","17.24","69.51","4.21","35","0.84","0","0","0.21","0","0","0","1.26","66.67","1.26","16.67","0","1.26","16.67"
"I. Fiolić","Croatia 1.","Gorica","RW, RAMF, AMF","29","700000","2025-12-31","13","425","0","0","Croatia","left","176","2.96","2.33","54.55","0.85","25","0","2.04","1.91","0","0.13","0","1.91","44.44","0","1.06","40","1.69","25","4.24","15","2.12","1.06","0.21","33.88","74.38","11.01","63.46","5.93","60.71","0.09","0","0.64","33.33","0.21","5.51","57.69","3.18","53.33","1.91","7.62","86.11"
"G. Vidović","Croatia 1.","Dinamo Zagreb","LAMF, LW","21","3500000","","7","423","1","0","Germany","right","180","5.11","5.32","60","0.64","33.33","0","2.96","1.91","0.21","0.16","0","1.91","22.22","11.111","0.43","0","3.62","41.18","13.19","43.55","2.34","1.49","0.43","31.49","86.49","5.53","69.23","1.28","66.67","0.01","0","0","0","0","2.13","70","1.06","60","0.85","2.55","58.33"
"D. Mulac","Croatia 1.","Vukovar","RCB, RCMF, DMF","26","400000","","6","421","0","0","Croatia","right","185","9.62","3.85","50","2.35","27.27","1.71","9","0.64","0","0.06","0","0.86","50","0","0.21","100","0","0","0.64","33.33","0.43","0.43","0","30.57","78.32","12.83","70","4.06","36.84","0","0","0","0","0","3.85","44.44","1.07","20","0","4.7","68.18"
"R. Jurišić","Croatia 1.","Osijek","LB, LWB","24","1000000","2027-06-30","6","420","0","1","Croatia","left","173","7.29","6.86","62.5","3","64.29","0","3.53","0.64","0","0.01","0","0.43","50","0","2.14","10","0.21","100","3","35.71","1.5","2.79","0.64","48.21","80.89","19.5","70.33","4.5","57.14","0.02","0","0.43","0","0.21","7.29","61.76","2.36","36.36","0.64","7.71","69.44"
"A. Gojak","Croatia 1.","Rijeka","RAMF, RDMF, LW","28","500000","2026-06-30","10","413","0","0","Bosnia and Herzegovina","right","184","7.63","7.63","60","3.05","21.43","0","4.53","2.62","0","0.23","0","1.74","62.5","0","2.4","18.18","1.74","62.5","4.79","50","1.96","1.31","0.22","29.2","76.87","7.85","69.44","1.74","50","0.09","0","0","0","0.22","3.49","56.25","3.92","44.44","1.09","3.49","75"
"J. Biljan","Croatia 1.","Vukovar","RDMF, RCMF","30","100000","","5","407","0","0","Croatia","right","178","5.31","5.09","60.87","3.1","71.43","0","2.18","0.66","0","0.08","0","0.22","0","0","0.66","33.33","0.66","66.67","2.65","58.33","1.33","1.11","0","23.66","87.85","6.63","80","1.77","62.5","0.03","0","0","0","0.22","3.1","85.71","0.66","33.33","0.22","4.42","65"
"A. Liber","Croatia 1.","Slaven Belupo","AMF, LCMF, LDMF","24","400000","2026-05-31","11","399","1","0","Croatia","right","171","6.32","7.44","51.52","1.13","0","0.23","3.19","1.13","0.23","0.12","0","0.9","25","25","0.68","0","2.48","36.36","6.54","20.69","1.58","1.13","0.23","22.78","75.25","6.77","46.67","1.8","62.5","0.01","0","0","0","0.45","4.06","61.11","1.8","37.5","0.45","2.03","66.67"
"P. Tabinas","Croatia 1.","Vukovar","RB","23","0","2026-06-30","6","397","0","1","Japan","right","185","9.75","7.71","67.65","2.72","50","0.68","5.08","2.95","0","0","0","0.23","0","0","3.63","37.5","2.72","58.33","5.21","47.83","1.13","2.04","0","20.63","73.63","5.89","53.85","2.49","54.55","0.16","0","0","0","0.68","0.91","50","2.72","33.33","0","3.85","58.82"
"L. Dajcer","Croatia 1.","Lokomotiva Zagreb","LCB, LB","24","300000","","5","395","0","0","Croatia","","0","4.78","5.24","52.17","4.56","70","0","2.55","0.68","0","0.02","0","0.46","50","0","0.91","25","0.46","50","3.42","40","0.46","2.28","0","44.2","80.93","22.33","73.47","5.7","32","0","0","0","0","0","5.01","81.82","1.59","14.29","0","8.2","66.67"
"L. Hodak","Croatia 1.","Hajduk Split","RB","19","0","","5","393","0","0","Croatia","unknown","0","10.76","7.33","68.75","3.66","43.75","0.46","7.22","1.37","0","0.01","0","0.69","0","0","1.15","40","0.92","100","4.58","40","0.23","2.06","0.69","32.52","84.51","11.45","78","2.06","44.44","0.01","0","0.23","0","0","2.75","75","1.6","28.57","0","5.95","53.85"
"R. Abdullazada","Croatia 1.","Varaždin","RAMF","24","300000","2026-06-30","8","387","0","0","Azerbaijan","left","178","7.67","6.74","58.62","1.86","37.5","0.23","4.75","2.09","0","0.04","0","1.16","20","0","2.09","11.11","3.95","41.18","9.77","26.19","2.56","1.86","0.7","26.74","79.13","3.95","76.47","1.16","80","0.04","0","0","0","0","0.93","75","1.16","40","0.47","3.49","66.67"
"D. Melnjak","Croatia 1.","Hajduk Split","LB","33","1500000","","7","385","0","1","Croatia","left","179","8.42","4.68","65","3.04","38.46","0","9.09","1.87","0","0.06","0","0.7","33.33","0","3.27","50","0","0","1.87","50","1.87","1.17","0.47","47.69","75.49","18.94","64.2","5.14","50","0.05","0","0.23","0","0.23","7.01","63.33","4.68","60","1.4","13.79","67.8"
"O. Bakić","Croatia 1.","Gorica","RW, LAMF, LCMF","22","100000","2026-06-15","9","376","1","0","Montenegro","right","178","7.18","5.74","58.33","2.39","20","0","4.19","1.91","0.24","0.17","0","1.68","42.86","14.286","1.2","40","1.2","60","5.03","52.38","1.44","0.96","0.24","28.96","83.47","6.46","74.07","1.44","50","0.02","0","0.24","0","0.24","3.11","53.85","1.44","33.33","0","2.87","75"
"M. Pérez Vinlof","Croatia 1.","Dinamo Zagreb","LB","19","0","2029-06-30","7","370","0","0","Sweden","left","178","8.27","8.76","58.33","1.46","50","0.73","6.39","4.14","0","0","0","0","0","0","4.38","33.33","2.92","91.67","5.35","72.73","0.73","1.95","0.73","53.03","77.52","18.24","66.67","5.84","37.5","0.02","0","0","0","0.24","5.11","71.43","4.62","36.84","0.73","8.51","54.29"
"M. Pilj","Croatia 1.","Vukovar","LDMF, RDMF, RCMF","28","400000","","6","369","0","0","Croatia","right","165","5.85","5.61","69.57","0.49","0","0.24","2.33","0.49","0","0.03","0","0.73","33.33","0","0.24","0","0.24","100","3.17","53.85","1.22","0.98","0","39.02","85.63","13.17","70.37","2.68","63.64","0.03","0","0.24","0","0","4.15","70.59","0.73","33.33","0.24","5.61","60.87"
"M. Šitum","Croatia 1.","Lokomotiva Zagreb","RWB, RB","33","400000","","7","369","0","1","Croatia","right","177","7.07","5.37","81.82","2.68","63.64","0","3.75","3.9","0","0.08","0","0.73","0","0","4.88","40","2.44","80","5.37","72.73","1.22","3.17","0.49","40.49","83.73","10.49","86.05","2.68","72.73","0.52","0","0","0","1.95","3.66","80","5.37","54.55","1.22","7.8","78.13"
"Gonzalo Villar","Croatia 1.","Dinamo Zagreb","LDMF, LCMF","27","3000000","2027-06-30","9","363","1","0","Spain","right","181","4.96","4.46","44.44","1.24","80","0","5.16","2.73","0.25","0.09","0","1.24","40","20","1.74","42.86","1.98","75","12.64","50.98","0.74","2.48","0","49.09","88.89","13.88","80.36","3.47","71.43","0.06","0","0","0","0","7.69","83.87","3.22","38.46","0.74","6.2","96"
"L. Mamić","Croatia 1.","Varaždin","AMF, LCMF","23","0","","7","353","1","0","Croatia","right","185","6.12","4.33","76.47","6.37","44","0","3.63","3.57","0.25","0.21","0","2.55","40","10","0.51","0","4.59","55.56","9.94","35.9","2.8","3.06","0.51","28.3","77.48","8.16","59.38","2.29","33.33","0.01","0","0.25","0","0","3.82","86.67","2.29","0","0","3.82","73.33"
"I. Božić","Croatia 1.","Slaven Belupo","LAMF, RAMF, CF","28","600000","2026-06-15","4","345","1","0","Croatia","right","181","4.96","4.43","64.71","3.13","50","0","2.17","2.61","0.26","0.32","0","1.83","57.14","14.286","2.09","37.5","1.83","42.86","6.52","20","4.96","2.35","0","18.78","72.22","3.13","50","0.26","0","0.16","0","0","0","0.78","0.78","33.33","1.83","28.57","0.26","1.3","40"
"M.  Nasraoui","Croatia 1.","Istra 1961","RB, LCB","23","0","2029-06-30","6","343","0","0","Tunisia","right","186","11.81","6.56","64","2.62","60","0.52","10.24","1.57","0","0.02","0","0.52","100","0","1.31","0","1.31","80","5.25","50","1.05","0.26","0.26","37","79.43","14.43","74.55","4.72","55.56","0.02","0","0","0","0","3.41","76.92","1.31","40","0.79","8.4","59.38"
"B. Bogojević","Croatia 1.","Rijeka","LB, LAMF, RB","27","350000","2026-06-30","9","340","1","0","Croatia","right","182","6.62","5.56","76.19","2.12","50","0","3.16","2.65","0.26","0.1","0","1.32","20","20","1.85","42.86","3.71","42.86","8.21","29.03","2.38","5.03","1.06","23.29","73.86","7.94","70","1.85","71.43","0.04","0","0","0","0.26","1.85","85.71","1.85","57.14","0.79","5.56","47.62"
"F. Živković","Croatia 1.","Osijek","RAMF, RW","19","0","2026-01-31","10","335","0","0","Croatia","left","0","7.25","7.25","48.15","3.22","16.67","0","6","4.03","0","0.36","0","2.69","10","0","1.88","28.57","7.52","42.86","15.58","36.21","3.76","1.61","0.27","22.3","75.9","4.57","64.71","1.61","33.33","0.04","0","0.54","0","0","1.07","50","1.88","57.14","1.34","2.69","90"
"Rafael Camacho","Croatia 1.","Vukovar","LAMF, RAMF, RW","25","1000000","","8","333","0","1","Portugal","right","175","5.14","4.59","64.71","2.7","30","0","2.07","2.97","0","0.05","0","1.08","25","0","2.97","54.55","2.97","36.36","9.46","20","2.16","1.89","0","15.95","72.88","3.24","50","1.35","40","0.12","0","0","0","0.54","1.08","50","1.35","80","0.27","2.43","66.67"
"M. Ndockyt","Croatia 1.","Rijeka","RAMF, RCMF","27","500000","","7","331","1","0","Congo","left","169","10.06","10.88","60","2.72","40","0","4","1.09","0.27","0.33","0","1.09","25","25","1.36","20","1.36","40","6.25","43.48","2.72","0","0","28.01","79.61","7.89","65.52","1.9","57.14","0.12","0","0","0","0.54","2.99","81.82","1.09","25","0.82","4.35","62.5"
"A. Jurilj","Croatia 1.","Vukovar","RAMF","29","400000","2026-05-31","4","329","0","0","Croatia","right","187","3.56","3.01","72.73","1.37","60","0","1.63","3.56","0","0.05","0","0.27","0","0","4.38","37.5","3.01","63.64","7.39","48.15","2.46","0.82","0.27","19.42","63.38","5.74","71.43","1.91","42.86","0.27","0","0","0","1.37","0.82","66.67","4.38","37.5","0.82","3.56","76.92"
"F. Taraba","Croatia 1.","Istra 1961","RB, LB","19","0","2029-06-30","6","328","0","0","Bosnia and Herzegovina","right","0","8.51","7.41","44.44","2.2","62.5","0.27","5.57","0.82","0","0","0","0","0","0","1.37","20","1.37","40","2.74","50","0.27","0.27","0.27","41.43","84.11","15.09","70.91","6.04","45.45","0.02","0","0","0","0.27","6.04","59.09","2.2","25","0.27","7.41","77.78"
"N. Tepšić","Croatia 1.","Varaždin","RCB, LB, RB","23","150000","2026-05-31","6","323","0","0","Serbia","right","185","16.16","11.7","76.19","3.62","53.85","0.84","7.59","0.56","0","0","0","0.28","0","0","0.84","33.33","0.28","100","1.67","66.67","0.84","0.84","0.56","33.99","78.69","15.6","66.07","4.74","47.06","0.02","0","0","0","0.28","3.62","30.77","1.67","16.67","0","6.41","60.87"
"M. Vuk","Croatia 1.","Varaždin","LAMF, RAMF, LWF","25","400000","","8","311","0","0","Croatia","right","183","3.47","2.89","60","2.03","42.86","0.29","2.4","3.18","0","0.16","0","1.74","16.67","0","2.6","33.33","3.47","58.33","9.26","40.63","2.03","1.74","0.29","28.36","67.35","10.42","55.56","1.45","20","0.04","0","0","0","0","4.34","53.33","2.03","28.57","0.29","4.05","78.57"
"B. Durdov","Croatia 1.","Hajduk Split","RAMF","17","0","2027-06-30","8","308","0","1","Croatia","left","175","5.55","6.14","61.9","0.58","0","0","2.68","2.92","0","0.13","0","3.21","9.09","0","2.92","40","5.84","25","9.35","21.88","3.8","1.46","0.29","22.5","64.94","5.26","50","2.63","44.44","0.12","0","0","0","0.29","3.51","66.67","2.63","33.33","0","5.55","52.63"
"A. Jakir","Croatia 1.","Slaven Belupo","LB","22","0","","7","302","0","0","Croatia","","182","11.03","6.85","69.57","2.09","71.43","0.3","8.33","3.28","0","0.01","0","0.3","100","0","5.36","33.33","2.09","57.14","4.17","57.14","0","0.6","0","39.93","73.88","17.88","63.33","7.45","40","0.02","0","0","0","0.3","5.96","40","4.77","43.75","0.6","7.15","83.33"
"D. Adu-Adjei","Croatia 1.","Rijeka","CF","20","0","","7","299","2","0","England","","0","1.81","1.51","80","5.72","26.32","0.3","0.98","3.31","0.6","0.78","0","4.21","50","14.286","0","0","1.2","100","9.93","42.42","5.12","0.9","0","7.83","65.38","0.9","66.67","0","0","0","0","0","0","0.3","0.6","50","0.3","100","0","0.6","50"
"Édgar González","Croatia 1.","Hajduk Split","LCB, CB","28","3000000","","4","299","0","0","Spain","right","193","9.03","5.12","76.47","5.12","64.71","1.2","6.62","0","0","0","0","0","0","0","0","0","0.3","0","1.81","16.67","0.3","2.11","0.3","75.25","93.2","28.9","87.5","4.21","42.86","0","0","0","0","0","7.53","80","0.3","0","0.3","12.34","75.61"
"M. Bangura","Croatia 1.","Istra 1961","CF","22","150000","","9","271","2","0","Netherlands","right","188","1.99","1.33","25","6.31","42.11","0.33","2.08","1","0.66","0.44","0","2.32","42.86","28.571","0.33","0","0.66","0","9.63","3.45","2.32","1","0","12.62","71.05","1.99","50","1","33.33","0","0","0","0","0","0.33","0","0.33","0","0.66","0.33","0"
"M. Barać","Croatia 1.","Slaven Belupo","RB, LB","25","0","","3","248","0","0","Croatia","right","0","6.53","3.63","60","2.18","66.67","0.36","6","2.54","0","0.03","0","0.73","0","0","6.53","22.22","2.54","42.86","3.99","45.45","0.36","1.09","0","34.84","65.63","11.25","58.06","5.44","66.67","0.02","0","0.36","0","0.36","4.35","75","6.9","36.84","1.09","9.44","73.08"
"R. Punčec","Croatia 1.","Varaždin","RCB, LCB","33","250000","","6","246","0","0","Croatia","both","187","9.51","5.12","71.43","1.83","40","1.1","6.62","0","0","0","0","0","0","0","0","0","0","0","0.73","50","0.37","0.37","0","40.61","87.39","17.93","79.59","3.66","60","0","0","0","0","0","2.56","42.86","0","0","0","5.85","68.75"
"M. Leovac","Croatia 1.","Lokomotiva Zagreb","LB, LCB","37","100000","2026-06-15","7","239","0","0","Austria","left","180","5.65","4.52","58.33","2.64","28.57","0.38","4.04","2.26","0","0","0","0.38","0","0","3.77","40","0.75","100","1.13","66.67","0","0.38","0.38","40.29","76.64","18.83","70","6.03","50","0","0","0","0","0","6.03","62.5","4.9","38.46","0.75","10.92","79.31"
"Y. Benrahou","Croatia 1.","Hajduk Split","CF","26","0","2026-05-31","4","238","2","0","France","left","172","4.16","3.78","90","1.13","33.33","0","0.73","3.78","0","0.59","0","1.89","40","40","2.65","57.14","1.89","60","7.94","52.38","1.89","1.51","0","36.68","85.57","4.92","53.85","1.89","40","0.3","0","0.76","50","1.13","4.54","75","3.03","37.5","0","3.78","90"
"A. Kalik","Croatia 1.","Hajduk Split","AMF, CF, RDMF","28","1000000","2026-05-31","9","234","1","0","Australia","right","180","7.69","8.46","77.27","3.08","25","0","1.18","3.08","0.38","0.37","0","2.69","42.86","14.286","0","0","1.92","80","7.31","36.84","2.31","0.38","0","15.38","82.5","3.85","80","0.38","100","0","0","0.38","100","0","2.31","66.67","1.54","75","0.77","0.77","100"
"A. Erceg","Croatia 1.","Gorica","CF","35","200000","2026-06-30","5","227","1","0","Croatia","right","180","2.38","2.38","66.67","2.78","0","0","1.13","5.95","0.4","0.63","0","5.55","42.86","7.143","0.79","50","3.57","88.89","9.91","48","8.33","3.96","1.19","31.32","81.01","4.36","54.55","1.19","66.67","0.16","0","0","0","0.79","1.19","0","0.4","100","1.98","1.19","33.33"
"T. Knöll","Croatia 1.","Vukovar","CF","28","600000","","5","223","0","0","Germany","right","184","3.63","3.23","62.5","2.83","57.14","0","1.85","0","0","0","0","0.4","0","0","0.4","0","0.4","0","6.05","13.33","0.4","0","0","12.51","77.42","4.04","60","0","0","0","0","0.4","0","0","1.61","75","0.81","50","0","2.02","40"
