"Player","League","Team","Position","Age","Market value","Contract expires","Matches played","Minutes played","Goals","xG","Assists","xA","Birth country","Foot","Height","Successful defensive actions per 90","Defensive duels per 90","Defensive duels won, %","Aerial duels per 90","Aerial duels won, %","Shots blocked per 90","PAdj Interceptions","Successful attacking actions per 90","Non-penalty goals per 90","xG per 90","Head goals per 90","Shots per 90","Shots on target, %","Goal conversion, %","Crosses per 90","Accurate crosses, %","Dribbles per 90","Successful dribbles, %","Offensive duels per 90","Offensive duels won, %","Touches in box per 90","Progressive runs per 90","Accelerations per 90","Passes per 90","Accurate passes, %","Forward passes per 90","Accurate forward passes, %","Long passes per 90","Accurate long passes, %","xA per 90","Smart passes per 90","Key passes per 90","Passes to final third per 90","Accurate passes to final third, %","Passes to penalty area per 90","Accurate passes to penalty area, %","Deep completions per 90","Progressive passes per 90","Accurate progressive passes, %"
"J. Prior","Scotland 1.","Livingston","GK","30","400000","","12","1193","0","0","0","0","France","right","187","3.09","0.15","50","0.15","100","0","3.91","0","0","0","0","0","0","0","0","0","0","0","0.3","100","0","0","0","23.84","86.71","12.45","76.97","10.64","72.34","0","0","0","1.36","61.11","0","0","0","7.69","69.61"
"S. Findlay","Scotland 1.","Hearts","LCB","30","600000","2026-06-30","12","1176","3","1.14","0","0.19","Scotland","left","191","5.74","2.91","73.68","6.2","61.73","0.38","5.19","0.99","0.23","0.09","0.23","0.77","60","30","0.46","50","0.38","60","1.53","65","1.15","1.22","0","39.41","88.74","15","79.59","5.82","59.21","0.01","0.08","0.15","5.89","64.94","0.84","45.45","0.23","7.04","81.52"
"C. Devlin","Scotland 1.","Hearts","LCMF, RCMF, DMF","27","1000000","2026-05-31","12","1176","0","0.51","0","0.3","Australia","right","170","11.86","8.8","66.09","2.53","45.45","0.08","8.19","1.22","0","0.04","0","0.69","22.22","0","0.77","30","0.46","50","4.44","48.28","0.61","0.15","0","52.88","87.99","16.76","80.37","4.13","59.26","0.02","0.69","0.08","7.5","79.59","2.14","53.57","0.99","7.35","80.21"
"K. Adams","Scotland 1.","Falkirk","RB","24","0","2027-06-30","12","1170","0","0.42","1","0.72","Scotland","unknown","0","10.46","8.62","63.39","3.62","40.43","0.46","7.3","1.46","0","0.03","0","0.31","25","0","2.38","29.03","1.69","40.91","3.69","39.58","0.85","1.85","0.77","33.62","74.14","13.23","61.05","2.46","34.38","0.06","0","0.31","4.15","55.56","2","34.62","0.15","6.54","55.29"
"L. Henderson","Scotland 1.","Falkirk","LCB","29","100000","2026-05-31","12","1170","1","0.46","0","0","Scotland","left","191","7","4.62","58.33","6.92","62.22","0.62","5.62","0.38","0.08","0.04","0.08","0.31","75","25","0.23","33.33","0.15","50","1.15","80","0.38","0.15","0.08","42.31","86.36","16.38","73.24","6.08","51.9","0","0","0","5.38","55.71","0.69","22.22","0.15","7","68.13"
"J. McCracken","Scotland 1.","Dundee","GK","25","250000","2026-06-30","12","1169","0","0","0","0","Scotland","right","190","1.69","0.08","100","0.54","100","0","1.71","0","0","0","0","0","0","0","0","0","0","0","0.15","50","0","0","0","21.09","70.07","13.86","56.67","11.16","46.9","0","0","0","5.54","34.72","0.62","25","0.15","6.31","64.63"
"R. Astley","Scotland 1.","Dundee","RCB","24","600000","2026-05-31","12","1169","1","0.59","0","0.03","Wales","right","184","8.24","5","66.15","4.08","67.92","0.69","5.04","0.23","0.08","0.05","0.08","0.38","40","20","0.31","25","0.15","0","1.46","36.84","0.31","0.46","0","31.49","81.17","15.01","71.28","3.93","35.29","0","0","0","4.16","48.15","0.38","0","0","5.39","64.29"
"S. Bain","Scotland 1.","Falkirk","GK","33","250000","2026-05-31","12","1148","0","0","0","0","Scotland","right","183","1.41","0.08","100","0.31","100","0","1.94","0","0","0","0","0","0","0","0","0","0","0","0.24","100","0","0","0","24.22","90.29","13.09","83.83","8.62","73.64","0","0","0","3.06","64.1","0","0","0","6.11","84.62"
"L. Shankland","Scotland 1.","Hearts","CF","30","4000000","2028-05-31","12","1148","7","5.15","1","0.82","Scotland","right","185","3.45","2.2","67.86","4.86","40.32","0.16","2.96","1.96","0.39","0.4","0","2.12","51.85","25.926","1.1","7.14","1.1","57.14","7.13","26.37","3.14","0.63","0.08","25.64","70.64","7.92","54.46","1.72","63.64","0.06","0.24","0.39","2.9","59.46","1.88","45.83","1.02","2.98","68.42"
"B. Spencer","Scotland 1.","Falkirk","LDMF, RDMF","29","200000","","12","1146","0","0.95","1","1.43","England","right","173","10.6","6.68","63.53","3.3","52.38","0.31","8.77","0.94","0","0.07","0","0.86","45.45","0","0.79","40","0.24","100","1.73","77.27","0.71","1.18","0.08","50.81","82.84","17.91","69.3","6.2","46.84","0.11","0","0.24","8.25","62.86","1.49","52.63","0.55","8.95","68.42"
"D. Watson","Scotland 1.","Kilmarnock","RCMF, RW, LCMF","20","0","2026-05-31","12","1139","3","2.52","1","0.33","Scotland","right","0","7.82","7.43","53.19","2.37","33.33","0.4","3.6","1.66","0.24","0.2","0.08","1.19","46.67","20","1.42","44.44","1.19","33.33","6.4","39.51","1.03","0.63","0.32","20.86","70.83","7.82","59.6","3.63","41.3","0.03","0.08","0.32","4.11","50","2.21","50","0.79","4.58","70.69"
"H. Milne","Scotland 1.","Hearts","RW, LB, LWB","29","250000","2026-06-30","12","1114","1","1.59","4","2.47","Scotland","","0","8.08","6.62","67.07","5.01","69.35","0.16","4.2","2.67","0.08","0.13","0","1.54","15.79","5.263","3.23","32.5","2.26","57.14","6.06","45.33","2.26","1.62","0","36.36","76.44","11.47","64.08","2.5","48.39","0.2","0.16","0.48","4.93","63.93","2.99","48.65","0.73","7.92","76.53"
"J. Butland","Scotland 1.","Rangers","GK","32","3000000","2027-05-31","11","1087","0","0","0","0","England","right","196","1.57","0","0","0.25","100","0","2.82","0","0","0","0","0","0","0","0","0","0","0","0","0","0","0","0","24.59","86.2","13.33","77.64","6.21","52","0","0","0","1.74","33.33","0.25","0","0","4.39","62.26"
"J. Souttar","Scotland 1.","Rangers","RCB, LCB, CB","29","3000000","2026-05-31","11","1087","0","0.87","0","0","Scotland","right","186","5.96","2.9","68.57","5.96","50","0.41","6.39","0.33","0","0.07","0","0.66","25","0","0.08","100","0.08","0","1.08","53.85","0.83","1.57","0","68.72","93.86","25.09","88.12","4.55","63.64","0","0.08","0","8.78","80.19","0.33","50","0","10.85","84.73"
"B. Esselink","Scotland 1.","Dundee United","CB, RCB","26","500000","","11","1087","1","1.45","0","0","Netherlands","right","191","7.2","4.06","67.35","5.46","54.55","0.66","5.34","0.25","0.08","0.12","0.08","0.41","40","20","0.25","33.33","0.17","0","0.99","25","0.58","0.17","0","39.08","81.14","18.46","67.26","7.04","52.94","0","0","0.08","4.06","48.98","0.66","37.5","0.17","7.87","62.11"
"K. Keresztes","Scotland 1.","Dundee United","LCB","25","200000","2026-05-31","11","1087","1","0.37","0","0.25","Hungary","left","0","10.85","5.55","68.66","4.39","75.47","0.75","8.75","0.66","0.08","0.03","0","0.33","25","25","0.33","25","0.66","75","2.73","54.55","0.75","0.91","0.08","33.04","76.44","17.22","66.35","5.71","47.83","0.02","0.08","0.08","4.97","58.33","0.91","45.45","0.66","8.94","53.7"
"Y. Kucherenko","Scotland 1.","Dundee United","GK","26","250000","2027-12-31","11","1087","0","0","0","0","Ukraine","left","192","1.49","0","0","0.91","90.91","0","1.92","0","0","0","0","0","0","0","0","0","0","0","0.17","50","0","0","0","14.08","72.35","10.27","66.94","8.03","59.79","0","0","0","1.99","45.83","0","0","0","6.54","72.15"
"C. Ward","Scotland 1.","Motherwell","GK","25","250000","","11","1080","0","0","0","0","England","right","188","2.08","0.17","100","0.58","100","0","2.83","0","0","0","0","0","0","0","0","0","0","0","0.08","100","0","0","0","43.42","91.55","20","84.17","9.5","70.18","0","0","0","3","63.89","0","0","0","6.92","67.47"
"M. Sylla","Scotland 1.","Livingston","LDMF, RDMF, RCB","31","125000","","12","1075","1","0.93","0","0.62","France","right","189","11.39","7.7","61.96","3.52","42.86","0.5","7.47","0.42","0.08","0.08","0.08","0.5","33.33","16.667","0.25","33.33","0.84","20","4.94","37.29","0.67","0.59","0.25","28.55","75.37","11.47","59.12","3.52","38.1","0.05","0","0.17","4.1","61.22","0.75","33.33","0.25","5.86","48.57"
"D. Mitov","Scotland 1.","Aberdeen","GK","28","500000","","11","1072","0","0","0","0","Bulgaria","right","188","2.1","0","0","1.01","91.67","0","2.59","0","0","0","0","0","0","0","0","0","0","0","0.17","100","0","0","0","25.69","86.27","12.09","72.22","8.56","60.78","0","0","0","2.6","41.94","0.08","0","0","5.88","75.71"
"C. Robertson","Scotland 1.","Dundee","CB, LCB","32","350000","2026-05-31","11","1070","2","0.6","1","0.17","Scotland","left","188","5.72","2.52","53.33","3.36","57.5","0.67","4.45","0.17","0.17","0.05","0.17","0.42","40","40","0.08","0","0","0","0.25","33.33","1.01","0.08","0","34.23","85.26","14.13","69.64","3.87","43.48","0.01","0","0.08","3.11","54.05","0.34","0","0.25","6.39","67.11"
"S. George","Scotland 1.","St. Mirren","GK","27","300000","","11","1070","0","0","1","0","England","right","191","2.27","0.08","100","0.25","100","0","2.71","0","0","0","0","0","0","0","0","0","0","0","0.25","100","0","0","0","23.05","85.4","15.56","78.92","13.21","74.52","0","0","0","4.88","63.79","0.34","0","0","9.5","91.15"
"K. Schmeichel","Scotland 1.","Celtic","GK","39","1000000","2026-06-30","11","1067","0","0","0","0","Denmark","right","189","1.01","0","0","0.08","100","0","2.03","0","0","0","0","0","0","0","0","0","0","0","0.08","100","0","0","0","30.28","94.15","12.23","87.59","4.3","64.71","0","0","0","0.76","33.33","0.08","100","0.08","3.12","62.16"
"L. Scales","Scotland 1.","Celtic","LCB","27","2500000","","11","1067","0","0.3","0","0.73","Republic of Ireland","left","187","8.94","4.89","70.69","7.17","70.59","0.51","10.68","0.08","0","0.03","0","0.17","0","0","0.34","25","0","0","1.27","53.33","0.34","1.94","0.17","86.88","92.82","34.92","87.92","3.37","50","0.06","0","0.08","11.98","85.92","1.94","52.17","0.59","11.81","82.14"
"E. Watt","Scotland 1.","Motherwell","LDMF, RDMF, LCMF","25","325000","","11","1058","1","0.11","1","1.09","England","right","179","8.34","3.91","69.57","2.38","42.86","0.43","7.92","0.51","0.09","0.01","0","0.34","25","25","0.68","12.5","0.34","75","3.66","48.84","0.43","0.51","0","74.69","86.1","23.73","72.76","7.74","58.24","0.09","0.51","0.17","13.19","74.19","2.98","37.14","1.19","11.91","79.29"
"V. Ševelj","Scotland 1.","Dundee United","RCMF, RDMF","25","250000","2026-05-31","11","1056","0","2.5","1","0.45","Croatia","right","183","7.59","5.45","65.63","3.66","53.49","0.43","5.04","1.62","0","0.21","0","1.36","31.25","0","0.68","37.5","0.85","100","3.07","50","1.19","1.36","0.17","35.63","78.23","13.64","64.38","5.03","49.15","0.04","0.09","0.17","5.97","61.43","2.22","50","1.02","6.22","73.97"
"D. Wilson","Scotland 1.","Livingston","LCB","33","400000","","12","1053","1","0.4","0","0.03","Scotland","left","187","7.78","4.1","70.83","4.53","43.4","0.51","6.29","0.26","0.09","0.03","0.09","0.34","25","25","0.17","50","0.09","100","0.68","25","0.51","0.09","0","45.56","81.24","22.74","69.55","11.11","59.23","0","0","0","7.69","58.89","0.68","25","0.09","12.48","68.49"
"D. Finlayson","Scotland 1.","Livingston","RB, RCB","24","200000","","11","1053","0","0.36","0","0.12","Scotland","","191","8.38","6.24","57.53","5.9","57.97","0.43","6.13","0.94","0","0.03","0","0.51","50","0","1.45","29.41","0.34","75","2.31","62.96","0.77","1.45","0.26","44.53","81.96","20.51","75.42","6.32","51.35","0.01","0","0.17","9.4","72.73","0.94","45.45","0.09","9.83","74.78"
"L. Fadinger","Scotland 1.","Motherwell","RDMF, RCMF, LDMF","25","500000","2027-06-30","11","1050","0","0.17","0","0.68","Austria","right","176","6.17","5.31","54.84","1.97","56.52","0.09","4.08","0.77","0","0.01","0","0.51","33.33","0","0.6","42.86","0.69","50","3.77","47.73","0.77","0.86","0","47.31","92.21","10.2","83.19","1.97","60.87","0.06","0","0.17","3.51","85.37","0.86","60","0.17","4.2","79.59"
"L. Graham","Scotland 1.","Dundee","LCB, LB","21","0","","11","1045","1","0.44","0","0.35","Scotland","","0","8.53","5.6","60","5","58.62","0.52","4.94","0.86","0.09","0.04","0.09","0.34","25","25","0.34","25","0.95","72.73","3.53","53.66","0.34","0.95","0","33.93","75.63","16.88","61.73","6.8","39.24","0.03","0.09","0.09","4.74","41.82","0.95","27.27","0.09","7.49","54.02"
"J. Mulligan","Scotland 1.","Hibernian","RCMF, RWB","22","350000","","12","1043","1","0.96","2","0.78","Scotland","right","175","6.39","5.87","60.29","1.98","43.48","0.26","3.75","1.73","0.09","0.08","0","1.12","23.08","7.692","1.12","15.38","2.07","58.33","7.42","40.7","2.07","2.07","0.95","32.96","80.1","10.53","68.85","2.5","37.93","0.07","0.26","0.26","4.4","58.82","1.73","55","1.38","5.87","64.71"
"R. Deas","Scotland 1.","Kilmarnock","LCB, CB","25","650000","2027-05-31","11","1031","1","1.24","0","0","Scotland","left","188","12.13","6.9","73.42","4.28","40.82","0.79","7.02","0.52","0.09","0.11","0.09","0.44","60","20","0.26","66.67","0.09","100","0.7","100","0.87","0.7","0","32.74","78.93","15.97","68.31","6.72","63.64","0","0","0","6.29","63.89","0.96","36.36","0.09","9.52","70.64"
"D. John","Scotland 1.","St. Mirren","LWB, LB","30","300000","","11","1026","1","0.2","2","2.13","Wales","left","178","5.26","3.25","59.46","1.75","45","0.26","4.02","3.33","0.09","0.02","0","0.26","33.33","33.333","4.3","36.73","2.19","76","3.6","51.22","1.23","1.75","0.18","26.14","72.15","8.07","53.26","2.72","32.26","0.19","0","0.88","2.11","50","3.68","52.38","0.44","5.35","70.49"
"Z. Sapsford","Scotland 1.","Dundee United","CF, RW","23","0","2028-06-30","11","1015","3","3.41","0","2.16","Australia","","0","3.72","3.64","56.1","6.74","30.26","0","2.08","2.22","0.27","0.3","0","2.04","43.48","13.043","2.31","26.92","1.68","42.11","6.47","30.14","3.81","1.6","0.27","16.94","57.59","5.41","39.34","1.68","21.05","0.19","0.09","0.44","2.31","34.62","2.48","42.86","0.98","3.01","55.88"
"O. McEntee","Scotland 1.","Hearts","RB, RCMF","24","225000","","12","1014","0","0.65","1","0.58","United States","right","190","11.01","8.34","73.4","8.61","53.61","0.62","7.3","1.69","0","0.06","0","0.36","50","0","2.66","33.33","1.07","58.33","3.02","50","1.07","1.07","0.09","36.83","69.88","16.86","57.37","7.01","49.37","0.05","0","0.18","7.54","49.41","1.95","27.27","0.27","9.85","71.17"
"C. Halkett","Scotland 1.","Hearts","RCB, CB","30","300000","2026-05-31","11","1007","3","1.56","0","0.11","Scotland","right","183","9.29","5.45","65.57","8.31","68.82","0.45","7.11","0.45","0.27","0.14","0.18","0.8","55.56","33.333","0","0","0","0","0.45","20","1.52","0.36","0","41.11","85","14.66","70.73","4.56","56.86","0.01","0","0.09","4.02","64.44","0.09","0","0.27","7.86","64.77"
"E. Longelo","Scotland 1.","Motherwell","LB","24","1000000","2026-06-30","11","999","3","1.91","1","0.64","England","left","184","7.21","5.23","62.07","1.62","33.33","0.18","5.86","3.42","0.27","0.17","0","1.26","28.57","21.429","3.42","36.84","4.23","42.55","7.66","37.65","2.34","3.51","0.54","40.09","78.43","13.24","67.35","3.6","45","0.06","0","0.45","4.05","60","3.51","41.03","0.27","7.21","70"
"C. McGregor","Scotland 1.","Celtic","DMF","32","8500000","2028-05-31","11","986","1","0.9","0","0.52","Scotland","left","178","7.85","5.11","71.43","0.91","40","0.37","7.41","1.1","0.09","0.08","0","1.46","31.25","6.25","0.37","50","0.55","50","3.01","24.24","0.55","0.46","0.09","68.18","93.04","14.97","81.1","1.83","35","0.05","0.18","0.64","10.41","85.96","1.92","47.62","0.73","6.02","74.24"
"K. Phillips","Scotland 1.","St. Mirren","RCMF","23","300000","","11","985","1","1.95","0","0.4","United States","right","190","7.49","5.3","62.07","4.57","48","0.18","4.61","1.74","0.09","0.18","0","1.19","46.15","7.692","2.19","33.33","0.55","66.67","3.84","52.38","1.83","0.27","0.09","26.5","72.41","9.14","61","2.38","42.31","0.04","0.09","0.37","4.48","55.1","2.65","44.83","0.64","5.39","71.19"
"M. Freckleton","Scotland 1.","St. Mirren","LCB","22","0","2027-05-31","10","973","2","0.82","0","0.1","England","","0","8.69","4.72","64.71","4.99","55.56","1.2","6.95","1.66","0.18","0.08","0","0.74","37.5","25","1.76","36.84","0.92","80","2.4","46.15","1.11","1.2","0","45.69","81.58","19.24","72.6","6.1","40.91","0.01","0","0.37","8.32","65.56","2.22","41.67","0.55","10.27","73.87"
"S. Pittman","Scotland 1.","Livingston","AMF, RDMF, LDMF","33","300000","2026-05-31","11","967","3","1.36","1","0.68","Scotland","right","177","5.31","5.03","46.3","3.72","45","0.47","3.36","0.65","0.28","0.13","0","0.56","66.67","50","0.37","50","0.19","50","2.05","40.91","1.3","0.28","0","23.92","80.16","6.24","56.72","1.4","53.33","0.06","0","0.28","2.79","66.67","0.84","55.56","0.56","2.89","64.52"
"I. Samuels","Scotland 1.","Dundee","LB, LWB","22","100000","","12","962","0","0","0","0.28","England","left","187","8.89","4.49","64.58","1.87","40","0.09","5.94","0.65","0","0","0","0","0","0","1.22","7.69","1.31","42.86","5.52","33.9","0.28","0.94","0","24.32","75","9.07","67.01","1.96","33.33","0.03","0","0","2.99","59.38","1.59","5.88","0","4.86","57.69"
"D. Gassama","Scotland 1.","Rangers","LWF, LAMF","22","0","2029-06-30","11","955","1","1.14","0","0.47","Mauritania","right","177","4.15","3.02","59.38","1.41","40","0.19","4.07","4.71","0.09","0.11","0","2.17","30.43","4.348","2.64","32.14","5.94","50.79","14.14","41.33","4.43","3.02","0.19","29.59","79.94","5.18","65.45","1.04","9.09","0.04","0.19","0.19","1.98","52.38","1.98","71.43","1.32","3.11","72.73"
"T. Maswanhise","Scotland 1.","Motherwell","RAMF, RW, CF","22","0","2026-05-31","11","952","5","2.39","1","0.73","Zimbabwe","right","0","5.67","5.96","50.79","2.55","18.52","0","3.77","3.59","0.47","0.23","0","1.89","45","25","2.46","34.62","3.88","48.78","9.93","44.76","3.5","1.42","0.47","14.56","74.68","4.25","77.78","0","0","0.07","0.09","0.28","1.32","85.71","2.46","50","0.66","2.84","86.67"
"C. Miller","Scotland 1.","Falkirk","LAMF, RAMF, AMF","27","150000","","12","948","2","1.36","2","2.12","Scotland","left","182","5.51","4.18","61.36","2.56","40.74","0.28","4.29","4.94","0.19","0.13","0","1.52","37.5","12.5","4.94","32.69","5.6","49.15","11.01","35.34","2.28","2.37","0.66","22.78","69.58","4.84","66.67","0.76","50","0.2","0","0.47","1.33","50","3.99","50","0.95","3.99","76.19"
"D. Tait","Scotland 1.","Falkirk","LDMF, AMF, RDMF","23","100000","2026-05-31","12","946","1","1","0","0.62","Scotland","right","176","7.33","6.47","54.41","2.28","41.67","0.48","5.05","1.81","0.1","0.09","0","1.05","54.55","9.091","1.24","30.77","1.43","53.33","7.9","46.99","2","0.76","0","42.05","76.47","17.12","62.78","8.47","50.56","0.06","0.19","0.19","9.32","58.16","2.76","37.93","0.86","7.52","74.68"
"M. Dackers","Scotland 1.","Kilmarnock","CF","22","50000","2026-05-31","12","944","1","2.76","0","0.59","Wales","right","201","4.39","2.96","54.84","13.35","56.43","0","2.73","2","0.1","0.26","0.1","1.72","33.33","5.556","0.95","30","2.76","41.38","12.49","25.19","3.53","1.24","0.38","17.64","74.05","3.24","64.71","0.57","66.67","0.06","0","0.38","1.62","70.59","0.95","50","0.67","1.72","66.67"
"J. Iredale","Scotland 1.","Hibernian","LCB","29","250000","2026-05-31","11","938","0","0","0","0.66","Scotland","left","184","8.16","4.51","74.47","2.4","40","0.48","6.1","0.96","0","0","0","0","0","0","1.25","38.46","0.58","66.67","1.63","52.94","0","1.15","0.1","53.44","82.41","27.83","73.45","9.31","40.21","0.06","0.19","0.19","9.98","60.58","1.92","30","0.19","13.91","73.1"
"Cláudio Braga","Scotland 1.","Hearts","CF","26","325000","2026-12-31","12","936","6","6.31","1","1.11","Portugal","right","180","5","5.96","54.84","7.6","30.38","0.1","2.02","3.94","0.58","0.61","0.19","3.27","52.94","17.647","1.63","17.65","4.23","45.45","14.04","34.25","5.96","2.31","0.77","21.83","73.57","4.62","62.5","0.19","50","0.11","0.19","0.38","1.63","52.94","1.73","66.67","1.63","2.02","71.43"
"J. Milne","Scotland 1.","Aberdeen","CB, RCB, LCB","22","0","2026-05-31","10","930","0","0.45","0","0","Scotland","right","192","8.81","4.06","78.57","4.74","53.06","0.87","6.35","0.1","0","0.04","0","0.29","0","0","0","0","0.19","50","0.87","22.22","0.87","0.19","0","44.32","85.59","18.19","74.47","5.81","45","0","0","0.1","3.19","54.55","0.19","0","0.1","7.16","55.41"
"M. Knoester","Scotland 1.","Aberdeen","LCB","26","1000000","","10","924","0","0.41","0","0.15","Netherlands","left","188","9.74","6.82","65.71","6.72","53.62","0.88","6.54","0.58","0","0.04","0","0.19","0","0","0.29","66.67","0.49","60","2.24","43.48","0.19","1.46","0.1","52.21","83.96","24.25","73.49","8.77","48.89","0.01","0.19","0","6.53","58.21","0.97","50","0.29","11.98","63.41"
"D. Wright","Scotland 1.","Dundee","RWB, RB","30","300000","","11","920","0","0.12","0","0.37","England","right","175","7.24","5.09","67.31","1.08","54.55","0.1","4.02","1.08","0","0.01","0","0.39","25","0","1.37","35.71","0.59","83.33","3.13","46.88","0.2","0.88","0.2","28.47","75.6","12.52","63.28","4.5","43.48","0.04","0","0.1","5.09","61.54","1.76","44.44","0.2","7.43","71.05"
"D. Thompson","Scotland 1.","Kilmarnock","LB, LWB","25","700000","","12","920","0","0.1","1","1.62","England","left","183","8.61","4.89","54","2.05","42.86","0.49","6.13","1.47","0","0.01","0","0.29","33.33","0","2.93","43.33","0.49","20","3.82","41.03","0.39","1.08","0.49","25.63","66.79","12.62","58.91","6.75","53.62","0.16","0","0.2","5.58","61.4","4.11","52.38","1.27","9.2","69.15"
"J. Tavernier","Scotland 1.","Rangers","RB, RCB","34","6500000","2026-05-31","11","904","4","2.23","2","2.01","England","right","182","7.77","6.27","63.49","3.29","57.58","0.1","6.18","2.39","0.3","0.22","0.1","1.59","50","25","2.39","45.83","1.1","36.36","3.58","27.78","1.1","1.99","0.9","60.33","85.81","22.9","79.13","6.47","55.38","0.2","0.1","0.2","10.15","74.51","3.19","65.63","1.29","11.85","81.51"
"K. Bowie","Scotland 1.","Hibernian","CF","23","250000","2028-05-31","12","886","3","4.09","2","1.24","Scotland","left","187","2.95","4.27","40.48","6.2","21.31","0","1.61","2.84","0.3","0.42","0","2.84","46.43","10.714","0.71","14.29","2.74","51.85","12.39","32.79","4.67","0.61","0.1","16.76","69.7","4.06","45","1.12","63.64","0.13","0","0.51","2.44","41.67","0.91","55.56","1.02","1.93","73.68"
"E. Hamilton","Scotland 1.","Dundee","LCMF, DMF","27","450000","2026-06-30","9","874","0","0.31","0","0.14","Scotland","left","187","7.62","6.38","62.9","1.24","50","0.21","3.44","1.24","0","0.03","0","1.65","31.25","0","0.1","0","1.54","46.67","8.03","43.59","0.21","1.24","0.31","26.67","86.49","5.46","64.15","2.06","60","0.01","0","0.1","2.88","60.71","0.31","33.33","0.21","1.85","66.67"
"M. Mandron","Scotland 1.","St. Mirren","CF","31","200000","","11","869","1","1.71","1","0.85","France","left","191","4.97","3.11","56.67","13.46","23.08","0","3.67","1.45","0.1","0.18","0.1","1.86","27.78","5.556","0.62","50","1.24","41.67","8.7","25","3.11","0.21","0","21.65","79.43","4.25","53.66","0.72","57.14","0.09","0.21","0.41","1.76","35.29","1.24","50","0.72","1.24","83.33"
"Panutche Camará","Scotland 1.","Dundee United","LCMF, RCMF","28","300000","","11","867","0","0.67","3","0.67","Guinea-Bissau","right","185","6.75","5.19","56","1.56","33.33","0.21","5.19","1.35","0","0.07","0","0.62","0","0","0.73","57.14","0.83","87.5","5.71","65.45","0.31","1.97","0.62","40.9","83.76","11.83","66.67","2.28","36.36","0.07","0.21","0.52","5.4","71.15","1.66","62.5","0.83","6.75","69.23"
"A. Gogić","Scotland 1.","St. Mirren","CB","31","500000","2027-05-31","9","865","0","0.95","0","0.24","Cyprus","right","185","9.05","5.72","72.73","3.54","52.94","0.21","5.19","0.73","0","0.1","0","0.73","57.14","0","0.31","33.33","0.42","50","1.56","46.67","0.94","0.1","0.1","36","83.53","15.71","71.52","5.83","50","0.03","0","0.1","4.06","53.85","0.52","40","0.21","8.12","61.54"
"A. Jensen","Scotland 1.","Aberdeen","RB, RWB, LWB","24","900000","2025-12-31","10","863","0","0.87","0","0.58","Denmark","right","180","7.61","5.63","57.41","3.23","29.03","0.21","5.49","1.67","0","0.09","0","0.52","40","0","2.4","39.13","0.94","55.56","4.69","31.11","1.67","1.46","0.21","35.04","81.85","10.43","73","2.82","44.44","0.06","0","0.42","3.13","83.33","2.09","60","0.73","5.74","67.27"
"G. Stanger","Scotland 1.","Kilmarnock","RCB","25","100000","","10","862","2","0.81","0","0","Scotland","right","191","9.29","5.74","70.91","4.8","41.3","0.52","5.28","0.63","0.21","0.08","0","0.31","100","66.667","0.21","50","0.21","100","1.15","63.64","0.73","0.1","0","25.48","77.87","13.16","66.67","5.43","50","0","0","0","4.8","58.7","0.31","33.33","0","6.89","66.67"
"L. Stephenson","Scotland 1.","Dundee United","RWB, RB","22","400000","","9","851","2","1.01","1","1.06","England","right","177","9.31","6.87","50.77","4.23","42.5","0.42","7.5","2.54","0.21","0.11","0.21","0.74","71.43","28.571","2.54","41.67","1.48","64.29","3.28","61.29","2.22","1.8","0.21","21.05","70.35","6.56","53.23","3.17","40","0.11","0","0.42","3.49","48.48","2.33","50","0.74","5.29","68"
"A. Kyziridis","Scotland 1.","Hearts","LW, RW","25","200000","","12","837","3","1.63","4","2.39","Greece","right","179","4.09","3.23","73.33","1.18","27.27","0","2.68","7.85","0.32","0.17","0","2.69","44","12","5.38","32","8.17","56.58","12.69","45.76","4.19","4.52","0.11","37.2","76.01","7.2","76.12","3.23","63.33","0.26","0.43","0.97","3.76","82.86","5.38","54","2.26","6.99","80"
"G. Hanley","Scotland 1.","Hibernian","CB, RCB","33","900000","","9","833","0","1.1","0","0","Scotland","right","187","6.59","3.67","52.94","7.56","65.71","0.86","5.84","0.54","0","0.12","0","0.65","66.67","0","0","0","0.11","100","1.08","70","0.86","0.32","0","42.68","90.89","13.94","79.84","4.21","58.97","0","0","0","2.48","56.52","0.32","66.67","0.22","5.73","54.72"
"P. McGinn","Scotland 1.","Motherwell","LCB, RCB","35","200000","","9","819","0","0.56","0","0.03","Scotland","right","179","8.02","4.62","83.33","4.51","39.02","0.33","6.26","0.55","0","0.06","0","0.44","50","0","0.11","100","0.22","100","0.99","66.67","0.55","1.21","0.11","54.29","91.09","19.56","80.9","4.51","41.46","0","0","0.11","4.18","57.89","0.44","75","0.22","6.7","60.66"
"L. Mayo","Scotland 1.","Kilmarnock","CB","25","900000","2026-05-31","9","817","0","0","0","0.49","Scotland","right","191","8.48","5.18","74.47","4.08","54.05","0.99","4.8","0.33","0","0","0","0","0","0","0.33","66.67","0.11","100","0.88","25","0.66","0.22","0.11","34.26","79.1","15.09","62.04","9.25","52.38","0.05","0","0.11","4.3","43.59","0.66","16.67","0.11","8.37","60.53"
"K. Baccus","Scotland 1.","St. Mirren","DMF, RCMF","27","900000","2026-06-30","9","814","0","1.02","0","0.24","South Africa","right","178","5.86","6.08","47.27","1.33","25","0","3.73","1.99","0","0.11","0","1","22.22","0","2.1","36.84","1.44","61.54","4.31","43.59","0.55","0.88","0.11","32.06","76.21","11.61","61.9","4.75","58.14","0.03","0.11","0.22","6.41","60.34","2.32","38.1","0.55","5.86","79.25"
"R. Bushiri","Scotland 1.","Hibernian","CB, RCB, LCB","25","400000","","9","803","2","1.44","0","0.04","Belgium","right","187","6.61","5.04","75.56","6.28","67.86","0.34","4","0.34","0.22","0.16","0.11","0.67","33.33","33.333","0","0","0.22","50","2.47","50","1.01","0.34","0","49.88","92.58","13.56","78.51","3.47","48.39","0","0","0","2.58","52.17","0.11","0","0","4.6","70.73"
"M. Fraser","Scotland 1.","St. Mirren","RCB","31","500000","2027-05-31","9","801","0","0.03","0","0","Scotland","right","178","9.78","6.18","65.45","1.69","33.33","0.56","6.59","1.24","0","0","0","0.22","0","0","1.8","43.75","0.45","100","2.13","68.42","0.67","0.79","0.22","30.9","76.73","13.82","68.29","5.73","47.06","0","0","0","5.73","56.86","2.13","57.89","0.56","7.53","70.15"
"N. Raskin","Scotland 1.","Rangers","LCMF, DMF, RDMF","24","6500000","","9","797","1","0.54","1","0.78","Belgium","right","178","6.32","5.76","52.94","3.61","40.63","0","5.66","2.48","0.11","0.06","0.11","1.13","30","10","1.13","30","2.15","78.95","6.21","65.45","1.47","2.71","0.11","52.17","88.96","13.89","73.98","2.82","56","0.09","0.11","0.56","7.68","82.35","2.26","60","1.13","7.57","77.61"
"B. Baningime","Scotland 1.","Hearts","LCMF, RCMF, RDMF","27","1500000","2026-05-31","9","793","0","0.32","0","0.09","Congo DR","right","178","7.04","5.67","78","1.02","33.33","0","3.19","0.45","0","0.04","0","0.23","0","0","0.11","0","0.68","50","3.97","57.14","0.57","0.45","0.11","33.82","89.93","7.49","84.85","1.25","81.82","0.01","0.23","0.11","3.63","90.63","0.68","66.67","0.45","3.18","75"
"W. Ferry","Scotland 1.","Dundee United","LWB, LB","24","275000","2027-06-30","8","782","0","0.16","2","0.99","England","left","175","8.98","5.52","60.42","3.68","46.88","0.46","7.35","2.76","0","0.02","0","0.12","0","0","3.45","53.33","1.15","80","3.22","64.29","0.81","1.04","0.12","29.81","66.41","13.81","55","7.02","39.34","0.11","0","0.46","6.68","44.83","4.37","47.37","0.58","10.01","68.97"
"A. Schwolow","Scotland 1.","Hearts","GK","33","700000","2027-05-31","8","781","0","0","0","0","Germany","right","189","1.73","0","0","0.58","100","0","2.54","0.12","0","0","0","0","0","0","0","0","0.12","100","0.12","100","0","0","0","16.82","81.51","11.29","73.47","8.76","67.11","0","0","0","2.19","63.16","0.12","0","0","7.61","74.24"
"R. Sallinger","Scotland 1.","Hibernian","GK","29","700000","2028-06-30","8","770","0","0","0","0","Austria","right","196","1.4","0","0","0.7","100","0","1.69","0","0","0","0","0","0","0","0","0","0","0","0.23","100","0","0","0","22.56","84.97","12.86","75.45","10.05","69.77","0","0","0","2.1","44.44","0","0","0","6.43","72.73"
"B. Nygren","Scotland 1.","Celtic","RCMF, RWF","24","2000000","2029-06-30","11","770","5","5.6","1","1.37","Sweden","left","188","5.96","5.61","60.42","2.45","52.38","0","5.12","3.97","0.58","0.65","0","3.39","44.83","17.241","2.1","33.33","3.39","44.83","8.3","39.44","4.79","2.81","0.35","47.22","83.66","11.1","74.74","1.75","60","0.16","0.47","0.58","5.26","75.56","4.44","52.63","2.1","6.08","86.54"
"J. McGrath","Scotland 1.","Hibernian","LCMF, AMF","29","900000","","12","769","4","3","2","2.22","Republic of Ireland","right","175","4.21","3.75","43.75","1.76","33.33","0.35","3.05","2.57","0.23","0.35","0","1.64","71.43","28.571","0.94","50","1.64","57.14","6.32","50","1.17","1.52","0.12","33.36","85.26","10.3","76.14","1.76","60","0.26","0","0.35","4.45","84.21","2.93","68","1.4","4.92","80.95"
"J. Richardson","Scotland 1.","St. Mirren","RWB, RB","25","325000","","9","756","0","0.12","0","0.4","England","right","184","7.74","6.67","53.57","2.26","42.11","0.36","4.91","2.5","0","0.01","0","0.12","100","0","2.14","38.89","2.02","70.59","4.29","52.78","1.31","2.02","0.6","20.71","77.59","5.48","65.22","2.02","52.94","0.05","0.12","0.36","1.67","78.57","1.9","62.5","0.71","5","73.81"
"I. Iovu","Scotland 1.","Dundee United","RCB","23","300000","2027-06-30","9","750","0","0.04","0","0.24","Moldova","right","196","11.4","9.84","63.41","3.84","53.13","0.48","6.49","0.6","0","0.01","0","0.12","0","0","0.72","83.33","0.12","0","1.44","50","0.36","0.36","0.12","32.76","77.66","15.24","64.57","5.64","40.43","0.03","0","0.24","5.16","48.84","1.32","45.45","0.24","8.04","62.69"
"M. Tait","Scotland 1.","Livingston","LDMF, LCMF, RCMF","20","0","2028-05-31","9","748","0","0.23","1","0.22","Scotland","left","0","7.58","7.34","59.02","1.44","25","0.12","3.53","0.72","0","0.03","0","0.24","50","0","0.84","57.14","0.72","16.67","2.53","42.86","0.72","0.84","0.48","29.96","76.71","8.42","45.71","3.61","30","0.03","0","0.24","4.21","51.43","2.29","26.32","0.12","4.57","55.26"
"I. Dolček","Scotland 1.","Dundee United","RWF, LWB, LW","25","325000","2027-06-30","10","745","6","2.24","1","1.37","Croatia","left","181","5.44","4.35","69.44","1.21","30","0","2.86","4.23","0.72","0.27","0","3.02","44","24","1.81","40","3.74","58.06","8.7","43.06","3.62","1.33","0.24","19.93","69.7","5.19","60.47","0.85","57.14","0.17","0.24","0.48","1.45","58.33","2.54","57.14","1.45","4.59","50"
"W. O'Hora","Scotland 1.","Hibernian","RCB","26","0","","8","741","0","0.65","0","0.45","Republic of Ireland","right","191","9.96","5.22","79.07","4.37","41.67","0.36","7.07","0.24","0","0.08","0","0.24","0","0","0.36","66.67","0.12","0","1.21","40","0.61","0.24","0","45.18","84.68","22.23","75.41","5.34","36.36","0.06","0","0.12","5.71","53.19","0.49","75","0.36","8.87","67.12"
"C. Congreve","Scotland 1.","Dundee","RW, RWF","21","350000","","10","740","0","0.61","5","3.18","Wales","right","180","6.32","5.72","68.09","1.34","36.36","0","2.6","4.99","0","0.07","0","1.58","61.54","0","3.04","28","6.08","52","14.47","34.45","2.07","3.04","0.24","21.53","75.14","4.99","60.98","1.7","28.57","0.39","0","0.73","2.07","58.82","2.68","27.27","0.49","3.16","76.92"
"N. Devlin","Scotland 1.","Aberdeen","RCB, LB, RWB","32","550000","","9","735","0","0.57","0","0.14","Scotland","right","183","6.73","4.9","65","2.94","37.5","0.24","3.32","1.1","0","0.07","0","0.49","50","0","0.49","75","0.86","57.14","2.57","42.86","0.73","0.98","0.24","33.8","82.97","15.06","75.61","3.55","37.93","0.02","0","0.12","4.16","58.82","0.73","50","0.12","5.63","50"
"M. Boyle","Scotland 1.","Hibernian","CF, RW","32","1300000","2026-05-31","12","726","2","2.74","0","1.14","Scotland","right","172","1.86","2.48","50","1.12","0","0.12","0.82","3.97","0.12","0.34","0","2.73","40.91","9.091","2.11","52.94","3.72","46.67","8.55","36.23","4.96","2.36","0.37","12.27","68.69","2.23","61.11","0.37","66.67","0.14","0","0.74","0.99","50","1.24","80","0.74","2.23","77.78"
"A. Stamatelopoulos","Scotland 1.","Motherwell","CF","26","500000","","11","724","4","6.28","0","0.75","Australia","right","184","3.48","2.98","58.33","5.35","53.49","0.12","2.44","1.62","0.12","0.78","0.12","2.49","40","20","0.5","0","0.62","100","7.58","27.87","4.35","0.25","0","13.43","66.67","2.36","57.89","0.62","60","0.09","0.12","0.12","0.75","66.67","1.49","33.33","0.87","1.12","44.44"
"D. Barlaser","Scotland 1.","Hibernian","DMF, RCMF","28","2200000","2026-06-30","9","722","0","0.04","0","0.38","England","right","184","5.61","4.74","60.53","1.37","63.64","0.12","3.46","0.62","0","0","0","0.37","0","0","0.37","33.33","0.5","75","3.24","53.85","0","1","0.12","41.14","86.67","13.59","74.31","3.86","58.06","0.05","0.12","0.37","6.61","79.25","1.37","72.73","0.75","6.86","76.36"
"L. Polworth","Scotland 1.","Kilmarnock","DMF, RCMF","31","350000","2026-05-31","10","721","1","0.68","1","0.56","Scotland","right","179","7.36","6.37","58.82","1.37","45.45","0","3.68","1.12","0.12","0.08","0","0.5","25","25","1.25","40","1","37.5","4.37","48.57","0.75","0.87","0.12","38.2","82.03","14.23","71.93","3.87","41.94","0.07","0.12","0.5","5.49","70.45","3.25","42.31","0.37","6.37","78.43"
"M. O'Hara","Scotland 1.","St. Mirren","LCMF","29","700000","2026-05-31","8","717","0","1.09","0","1.17","Scotland","right","188","5.52","4.27","64.71","2.13","58.82","0.13","2.86","1.13","0","0.14","0","1.38","27.27","0","1.51","33.33","0.5","50","1.88","66.67","2.01","0.63","0.38","21.72","75.72","5.65","51.11","2.26","61.11","0.15","0","0.13","3.77","50","2.51","50","1","3.26","69.23"
"A. Montgomery","Scotland 1.","Livingston","LB","23","500000","2026-05-31","8","716","0","0.18","1","0.25","Scotland","left","173","10.06","8.04","57.81","2.64","52.38","0.13","6.96","1.01","0","0.02","0","0.5","25","0","1.89","13.33","1.13","55.56","4.4","45.71","1.13","1.38","0.25","31.8","76.68","14.2","70.8","2.77","27.27","0.03","0","0.38","5.03","70","0.88","42.86","0.5","7.92","76.19"
"N. Cadden","Scotland 1.","Hibernian","LWB, LB, LCMF","29","500000","2027-05-31","8","711","0","0.82","0","1.16","Scotland","left","178","4.81","3.29","53.85","1.65","46.15","0.25","3.68","7.09","0","0.1","0","1.77","21.43","0","9.11","38.89","4.05","78.13","5.7","64.44","2.03","2.91","0.25","36.46","71.53","10.13","65","4.43","37.14","0.15","0.13","0.76","5.57","63.64","8.23","43.08","0.51","9.87","82.05"
"J. Karlsson","Scotland 1.","Aberdeen","LWF, LAMF, LW","27","8000000","2028-06-30","8","705","3","2.54","0","1.78","Sweden","right","179","4.09","3.96","67.74","0.64","60","0","1.74","3.7","0.26","0.32","0","3.19","32","12","1.91","26.67","4.09","53.13","9.7","43.42","3.32","2.43","0.38","29.87","77.35","6.89","64.81","2.43","42.11","0.23","0","0.51","3.57","57.14","3.19","44","1.91","4.09","87.5"
"L. Neilson","Scotland 1.","Falkirk","RCB","22","450000","2026-05-31","7","696","0","0","0","0","Scotland","right","184","6.59","3.88","70","4.66","69.44","0.39","5.65","0.26","0","0","0","0","0","0","0","0","0.39","66.67","1.42","18.18","0","0.13","0.13","37.5","83.1","17.2","71.43","7.24","50","0","0","0","5.82","51.11","0.39","0","0","5.82","68.89"
"D. Maeda","Scotland 1.","Celtic","LWF, RWF, CF","28","7000000","","9","696","3","2.63","2","1.54","Japan","right","173","5.82","5.3","63.41","2.07","50","0","4.36","3.1","0.39","0.34","0.26","1.94","53.33","20","2.59","35","2.46","47.37","7.24","28.57","6.34","1.16","0.26","26.38","82.35","1.81","64.29","0.65","60","0.2","0","0.78","1.16","55.56","1.55","41.67","0.52","2.2","76.47"
"I. Said","Scotland 1.","Motherwell","LAMF, AMF, CF","23","1000000","2026-06-30","11","696","0","1.2","0","0.55","Nigeria","right","173","4.27","4.14","65.63","0.78","66.67","0","2.31","3.23","0","0.16","0","1.42","27.27","0","2.07","43.75","2.84","68.18","14.61","36.28","2.59","3.1","0.78","32.72","75.89","9.05","61.43","1.55","25","0.07","0.26","0.26","3.62","53.57","3.62","50","1.29","4.66","69.44"
"R. MacIver","Scotland 1.","Falkirk","CF","26","150000","2027-05-31","10","693","3","4.12","1","1.14","Scotland","right","185","2.99","1.43","72.73","11.69","36.67","0","3.06","2.73","0.39","0.54","0.13","2.6","55","15","0.65","60","1.43","63.64","5.06","30.77","4.29","0.13","0","14.16","69.72","4.94","44.74","0.78","50","0.15","0.13","0.65","2.21","52.94","1.17","55.56","0.78","1.04","75"
"J. Westley","Scotland 1.","Dundee","CF, LWF, RCMF","21","0","","10","692","1","1.88","0","0.22","England","unknown","0","5.59","4.16","53.13","6.63","29.41","0.13","3.39","0.78","0.13","0.24","0","0.91","28.57","14.286","0.52","0","0.78","66.67","6.37","32.65","1.95","0.78","0","13.4","67.96","3.12","25","0.91","0","0.03","0","0.13","2.21","52.94","0.52","25","0.26","1.3","40"
"G. Shinnie","Scotland 1.","Aberdeen","LCMF, RDMF, LB","34","350000","2026-05-31","9","686","0","0","0","0","Scotland","left","175","9.97","8.53","67.69","2.89","36.36","0.13","4.38","1.05","0","0","0","0","0","0","1.05","50","0.92","42.86","6.56","50","0.13","1.05","0.13","36.73","83.21","13.64","72.12","4.07","35.48","0","0.13","0","4.85","59.46","1.97","53.33","0.92","5.9","66.67"
"C. Cadden","Scotland 1.","Hibernian","RWB, RB","29","650000","2027-05-31","11","685","1","0.61","2","0.72","Scotland","right","183","7.75","5.91","53.33","2.5","57.89","0","5.96","1.31","0.13","0.08","0","0.53","25","25","3.02","17.39","1.58","41.67","4.2","34.38","2.63","1.05","0.13","34.82","72.08","12.74","61.86","3.15","37.5","0.09","0","0.39","4.99","63.16","2.1","56.25","0.66","7.62","63.79"
"C. Carter-Vickers","Scotland 1.","Celtic","RCB","27","14000000","2029-05-31","7","680","0","0.25","0","0","England","right","183","7.54","4.63","77.14","6.62","62","0.13","7.3","0.26","0","0.03","0","0.4","33.33","0","0","0","0.13","100","1.46","54.55","0.66","2.38","0.13","88.15","95.95","32.43","93.06","2.38","55.56","0","0","0","11.51","90.8","0.13","0","0","12.84","88.66"
"M. Stryjek","Scotland 1.","Kilmarnock","GK","29","450000","","7","674","0","0","0","0","Poland","right","188","1.34","0.27","0","0.53","100","0","1.46","0","0","0","0","0","0","0","0","0","0","0","0.13","100","0","0","0","15.62","76.92","12.15","70.33","9.21","62.32","0","0","0","2.94","45.45","0.27","0","0","7.21","79.63"
"B. Anderson","Scotland 1.","Kilmarnock","CF","27","550000","2026-05-31","12","674","1","1.57","0","0.1","Scotland","right","173","3.34","3.2","50","5.47","14.63","0.13","1.8","1.34","0.13","0.21","0","1.87","42.86","7.143","0.4","33.33","0.8","50","5.74","32.56","2.8","0.67","0.4","11.62","73.56","2.67","45","0.27","100","0.01","0","0.4","1.07","50","0.4","66.67","0.4","1.07","75"
"B. Lyons","Scotland 1.","Kilmarnock","DMF, LCMF, RCB","28","350000","2026-05-31","10","673","0","0.4","1","0.56","Northern Ireland","right","183","8.56","3.61","70.37","4.15","45.16","0.4","5.97","0.67","0","0.05","0","0.67","40","0","0.67","20","0.53","50","4.28","53.13","0.94","0.4","0.13","30.49","82.02","10.7","67.5","3.34","48","0.08","0","0.27","4.95","59.46","1.47","27.27","0.67","4.95","64.86"
"F. Robertson","Scotland 1.","Dundee","LCMF, RCMF","22","200000","","9","672","1","0.47","0","0.29","Scotland","right","171","8.17","7.5","69.64","1.61","58.33","0","2.84","1.61","0.13","0.06","0","0.54","25","25","2.41","27.78","1.21","66.67","5.49","31.71","1.21","1.47","0.27","32.14","79.17","6.56","53.06","3.35","36","0.04","0","0","3.08","56.52","1.61","33.33","0.54","3.88","62.07"
"E. Just","Scotland 1.","Motherwell","AMF, LAMF, RCMF","25","350000","2026-06-30","8","672","2","1.26","3","2.02","New Zealand","left","174","6.03","5.49","56.1","2.41","38.89","0","4.32","3.75","0.27","0.17","0","2.14","12.5","12.5","1.88","21.43","4.69","60","9.91","40.54","4.15","3.62","0.8","36.7","81.02","12.59","71.28","0.94","42.86","0.27","0.54","0.8","3.62","74.07","3.88","51.72","2.14","6.16","76.09"
"S. Murray","Scotland 1.","Dundee","CF","33","200000","2027-05-31","9","663","1","2.2","0","0.02","Scotland","right","183","4.07","3.67","59.26","2.17","12.5","0.27","1.75","1.09","0.14","0.3","0","1.49","36.36","9.091","0.27","0","1.22","44.44","4.34","21.88","2.58","0.68","0.14","12.08","66.29","2.71","45","0.95","42.86","0","0","0.14","1.36","30","1.22","33.33","0.27","1.22","66.67"
"L. Smith","Scotland 1.","Livingston","RAMF","25","100000","2026-05-31","11","647","2","1.1","1","0.29","Scotland","left","176","7.51","6.96","58","1.67","50","0","4.47","5.7","0.28","0.15","0","2.36","35.29","11.765","3.62","26.92","6.82","55.1","14.19","48.04","3.06","3.89","0.42","27.68","72.36","7.37","60.38","2.23","56.25","0.04","0.14","0.28","2.78","70","2.78","45","1.25","4.45","68.75"
"R. Hatate","Scotland 1.","Celtic","LCMF","27","10000000","2028-05-31","9","644","1","0.68","1","0.88","Japan","right","172","4.05","3.77","51.85","2.1","33.33","0.14","2.68","1.82","0.14","0.1","0","1.54","45.45","9.091","1.68","25","0.84","66.67","5.17","48.65","2.38","0.56","0","56.6","82.47","14.67","71.43","3.77","55.56","0.12","0.28","0.84","4.47","65.63","5.03","55.56","3.35","5.31","68.42"
"J. Meghoma","Scotland 1.","Rangers","LB","19","0","","8","641","0","0.15","1","0.95","England","left","176","8.71","7.02","74","1.97","21.43","0.14","6.2","2.53","0","0.02","0","0.28","50","0","2.67","26.32","2.25","75","4.77","52.94","0.28","1.83","0.14","48.72","84.15","17.55","72.8","3.79","48.15","0.13","0","0.42","5.05","80.56","2.25","56.25","0.28","7.02","56"
"L. McCann","Scotland 1.","Falkirk","LB","25","50000","2026-05-31","7","632","0","0.02","1","0.85","Scotland","","171","8.54","5.55","79.49","2.42","41.18","0.14","5.74","2.71","0","0","0","0.14","0","0","3.84","37.04","1.71","75","3.42","62.5","0","1","0.43","33.89","73.95","11.53","55.56","4.41","35.48","0.12","0","0.71","5.13","47.22","3.56","40","0.14","5.84","70.73"
"A. Aouchiche","Scotland 1.","Aberdeen","AMF, RWF","23","2500000","","10","625","1","2.33","0","0.34","France","right","181","5.9","4.46","51.61","2.59","44.44","0","4.34","2.3","0.14","0.33","0","2.45","17.65","5.882","1.44","30","2.16","60","5.76","45","2.02","2.02","0.43","31.1","65.28","12.24","52.94","3.74","38.46","0.05","0.29","0.14","5.33","45.95","2.88","55","0.72","6.62","60.87"
"S. O'Donnell","Scotland 1.","Motherwell","RB, RCB","33","300000","2026-05-31","10","624","0","0","0","0.73","Scotland","right","184","8.22","6.2","72.09","2.6","44.44","0.58","6.61","1.3","0","0","0","0","0","0","2.6","44.44","0.43","33.33","1.88","30.77","0.29","1.15","0.14","62.88","85.78","20.34","74.47","6.63","50","0.1","0","0.29","5.77","50","2.88","50","0.29","10.53","78.08"
"A. Fatah","Scotland 1.","Dundee United","LWF, RAMF, RW","21","0","2027-06-30","10","613","1","1.39","2","0.44","Sweden","right","180","8.22","5.58","65.79","4.11","42.86","0","5.3","3.23","0","0.2","0","1.32","55.56","11.111","1.91","38.46","3.23","54.55","8.81","46.67","2.64","3.08","0.59","16.88","72.17","4.11","57.14","0.88","50","0.06","0","0.29","1.47","60","1.91","38.46","0.88","2.2","73.33"
"J. Obita","Scotland 1.","Hibernian","LB, LWB","31","400000","2027-05-31","9","607","0","0.48","0","0.23","England","left","180","5.04","5.19","45.71","3.86","50","0.15","3.53","1.63","0","0.07","0","0.74","0","0","3.41","21.74","1.48","60","3.86","26.92","1.04","1.19","0.3","38.7","77.78","14.98","74.26","3.56","62.5","0.03","0","0.15","6.67","71.11","2.97","30","0.15","9.93","76.12"
"S. May","Scotland 1.","Livingston","LAMF, CF, AMF","33","250000","","11","606","0","0.78","1","0.94","Scotland","right","178","6.98","5.5","43.24","1.04","14.29","0.15","4.56","3.42","0","0.12","0","1.78","58.33","0","2.82","31.58","2.52","58.82","6.39","46.51","2.97","1.34","0.15","28.96","74.87","7.72","53.85","2.23","33.33","0.14","0.15","0.15","3.12","57.14","3.56","45.83","1.04","4.16","67.86"
"D. Cornelius","Scotland 1.","Rangers","LCB, LB","27","2800000","2028-06-30","7","604","1","0.51","1","0.56","Canada","left","187","10.43","6.56","75","5.51","54.05","0.15","9.44","1.19","0.15","0.08","0.15","0.6","50","25","0.45","33.33","0.75","80","4.32","75.86","1.64","0.6","0.15","63.92","88.58","26.23","81.25","6.71","64.44","0.08","0.15","0.15","7.9","77.36","1.49","50","0.75","11.32","72.37"
"E. Williams","Scotland 1.","Falkirk","LAMF, AMF, RAMF","20","0","","9","604","1","1.01","3","0.64","England","right","0","6.11","5.07","76.47","1.79","16.67","0","2.94","4.92","0.15","0.15","0","1.19","50","12.5","4.62","51.61","3.73","52","7.6","49.02","2.09","1.94","0","26.23","69.89","7.45","54","2.38","31.25","0.1","0","0.45","3.43","56.52","4.47","63.33","0.75","5.81","79.49"
"S. Kingsley","Scotland 1.","Hearts","LB","31","1000000","2027-05-31","9","604","0","0.19","0","0.68","Scotland","left","178","7.45","5.81","56.41","3.28","59.09","0","5.66","2.09","0","0.03","0","0.89","16.67","0","3.58","37.5","0.6","100","1.79","58.33","0.45","0.89","0.3","44.25","83.5","20.41","77.37","4.77","59.38","0.1","0","0.6","8.34","76.79","3.87","42.31","0.3","12.81","82.56"
"J. Ayunga","Scotland 1.","St. Mirren","CF","28","450000","","11","594","1","1.17","0","0.1","England","right","185","3.18","4.09","51.85","7.88","36.54","0","1.16","1.97","0.15","0.18","0","1.67","54.55","9.091","0.91","16.67","1.52","60","7.27","25","3.64","1.06","0","14.39","73.68","2.73","50","0.45","100","0.02","0","0.3","1.52","50","0.91","33.33","0.45","1.06","71.43"
"J. Koutroumbis","Scotland 1.","Motherwell","RB, LB","27","350000","","10","591","1","0.28","0","0.13","Australia","right","183","8.38","6.4","69.05","1.83","25","0.15","5.37","1.52","0.15","0.04","0","0.61","25","25","1.83","8.33","1.68","72.73","5.03","51.52","0.61","1.68","0.3","51.17","81.85","20.1","71.97","3.35","18.18","0.02","0","0","6.85","62.22","2.89","36.84","1.07","9.59","76.19"
"R. King","Scotland 1.","St. Mirren","CB, RCB, LCB","23","0","2027-06-30","9","589","0","0.11","0","0.42","Jamaica","right","187","9.02","5.81","55.26","2.44","50","0.46","7.17","0.61","0","0.02","0","0.31","50","0","0.31","50","0.61","50","1.99","38.46","0.61","1.07","0","43.09","76.24","19.86","69.23","10.24","47.76","0.06","0","0.15","10.54","63.77","2.75","38.89","0.92","12.22","71.25"
"H. Cartwright","Scotland 1.","Falkirk","RDMF, LDMF","20","0","","12","586","1","0.1","0","0","England","right","0","8.29","7.83","60.78","2.92","26.32","0","5.27","0.92","0.15","0.02","0","0.31","100","50","0.31","0","0.92","66.67","4.45","37.93","0","0.61","0.15","32.87","77.57","10.9","52.11","4.76","29.03","0","0.15","0","6.3","53.66","0.77","40","0.15","4.91","68.75"
"T. Aasgaard","Scotland 1.","Rangers","AMF, LW, LCMF","23","700000","2028-06-30","9","585","1","1.32","0","0.31","England","right","170","5.69","3.69","70.83","3.69","50","0.46","4.95","4.15","0.15","0.2","0","2.31","53.33","6.667","1.38","33.33","4","57.69","12.15","30.38","2.92","2.46","0.62","35.38","85.22","6.77","72.73","1.54","30","0.05","0.15","0.31","3.69","58.33","2.31","66.67","1.69","3.38","68.18"
"Mahamadou Susoho","Scotland 1.","Livingston","RDMF, DMF, RCMF","20","1500000","","8","565","0","0.06","0","0.01","Spain","right","175","7.01","6.37","55","0.96","33.33","0.16","5.16","0.32","0","0.01","0","0.16","0","0","0.48","0","0.48","66.67","3.98","60","0.16","0.64","0","43.49","85.35","10.19","64.06","3.82","58.33","0","0","0","4.14","76.92","1.27","25","0.16","4.62","48.28"
"L. Gordon","Scotland 1.","Motherwell","RCB","29","500000","","7","561","0","0","0","0","Scotland","right","182","6.1","3.37","57.14","3.53","59.09","0.64","5.43","0.16","0","0","0","0","0","0","0.16","100","0","0","0.32","0","0.16","0.48","0","51.66","92.24","20.37","84.25","4.49","60.71","0","0","0","4.33","70.37","0.48","33.33","0","7.38","69.57"
"B. Miovski","Scotland 1.","Rangers","CF","26","4000000","2028-06-30","8","558","1","1.58","0","0.15","North Macedonia","left","189","2.9","2.42","60","5","35.48","0.16","2.26","0.81","0.16","0.25","0","1.29","37.5","12.5","0.16","0","0.32","50","3.39","33.33","2.26","0.16","0","10.65","81.82","1.13","42.86","0.16","0","0.02","0.16","0.16","0.48","33.33","0.16","100","0.16","0.65","50"
"J. Bokila","Scotland 1.","Livingston","CF","37","125000","","11","558","4","2.62","0","0","Congo DR","left","188","3.87","4.35","55.56","10.16","14.29","0","1.38","1.13","0.32","0.42","0","1.45","44.44","44.444","0.65","0","1.29","37.5","8.23","21.57","2.42","0.32","0.16","7.42","65.22","1.94","50","0.16","100","0","0","0","0.65","50","0.32","0","0.32","0.48","66.67"
"K. Tierney","Scotland 1.","Celtic","LB","28","12000000","","8","557","1","0.7","2","1.52","Isle of Man","left","180","8.73","5.17","56.25","3.23","40","0.16","11.29","3.72","0.16","0.11","0","0.97","33.33","16.667","5.01","45.16","1.62","70","3.23","60","2.42","2.1","0.16","72.87","81.37","31.67","76.02","8.24","50.98","0.25","0","1.29","11.47","76.06","6.46","62.5","1.94","16.32","75.25"
"B. Brannan","Scotland 1.","Kilmarnock","RB, LB, LWB","18","0","","8","555","1","0.06","0","0.47","Scotland","right","173","9.24","6.97","60.47","2.59","31.25","0.32","5.32","2.92","0.16","0.01","0","0.65","50","25","3.41","33.33","2.11","69.23","3.89","45.83","0.32","0.81","0.16","24.97","70.13","7.78","43.75","3.89","37.5","0.08","0","0.49","3.73","43.48","3.41","38.1","0.49","5.35","69.7"
"G. Kiltie","Scotland 1.","Kilmarnock","LCMF, CF, LW","28","600000","2027-05-31","10","552","0","0.2","2","1.26","Scotland","right","178","4.08","5.38","42.42","2.28","28.57","0","1.57","2.28","0","0.03","0","0.49","66.67","0","2.77","29.41","2.93","38.89","9.13","39.29","1.3","1.14","0","17.61","69.44","4.4","55.56","1.14","42.86","0.21","0","0.33","1.3","62.5","2.28","28.57","0","1.3","50"
"A. Ralston","Scotland 1.","Celtic","RB","26","1800000","2027-05-31","8","552","0","0.11","0","0.69","Scotland","right","178","5.87","4.4","55.56","2.45","86.67","0","5.37","2.77","0","0.02","0","0.49","33.33","0","4.24","34.62","0.98","66.67","3.75","47.83","1.3","1.3","0","70.27","86.08","27.07","80.72","5.38","39.39","0.11","0.49","0.82","14.84","82.42","6.03","45.95","1.3","13.37","86.59"
"A. Winter","Scotland 1.","Livingston","RAMF, LAMF, RWF","23","0","","9","540","0","0.19","0","0.04","Scotland","right","170","10.33","8.17","65.31","7.17","41.86","0.17","6.47","1.83","0","0.03","0","0.5","33.33","0","2.33","14.29","3.17","42.11","7.83","34.04","1.17","0.83","0","19","65.79","6","55.56","2.17","38.46","0.01","0","0","1.83","45.45","1.5","44.44","0.67","4.33","53.85"
"S. Armstrong","Scotland 1.","Aberdeen","RCMF, LCMF, RWF","33","2000000","2026-12-31","7","539","1","0.97","1","1.04","Scotland","right","183","5.34","5.01","60","2.34","14.29","0.17","2.63","1.67","0.17","0.16","0","1.34","25","12.5","1.34","62.5","1.67","30","5.01","33.33","2.17","1.67","0.17","45.42","86.76","11.86","74.65","2.67","56.25","0.17","0","0.67","5.18","67.74","2","75","1.67","5.84","85.71"
"S. Welsh","Scotland 1.","Motherwell","LCB","25","800000","2027-05-31","6","538","0","0.15","0","0","Scotland","right","188","7.36","2.51","66.67","3.51","61.9","0","9.62","0.17","0","0.03","0","0.17","0","0","0","0","0.17","100","0.67","50","0.33","0.84","0","67.92","92.61","25.09","85.33","4.01","50","0","0","0","5.86","68.57","1","0","0","9.2","74.55"
"J. Brown","Scotland 1.","Kilmarnock","RB, RWB","27","200000","","7","537","0","0.05","1","0.34","Republic of Ireland","right","177","10.56","10.06","50","2.35","35.71","0.17","5.33","1.34","0","0.01","0","0.34","0","0","2.85","41.18","0.84","20","3.02","38.89","0","0.5","0.34","27.65","71.52","9.22","60","5.03","53.33","0.06","0","0.34","4.86","51.72","2.68","50","0.34","7.54","68.89"
"C. Sibbald","Scotland 1.","Dundee United","DMF, LDMF, LCMF","30","350000","2026-05-31","9","534","2","0.62","0","0.45","Scotland","left","170","8.6","5.73","70.59","2.19","23.08","0.51","5.21","1.18","0.34","0.1","0","0.67","75","50","0.34","0","0.84","60","2.53","33.33","0.51","0.51","0","23.76","73.76","9.94","54.24","3.54","33.33","0.08","0.17","0.34","4.38","57.69","0.84","60","0.67","4.72","46.43"
"T. Keskinen","Scotland 1.","Aberdeen","LAMF, LWB, LW","22","1200000","2028-06-30","10","533","0","0.63","0","0.26","Finland","both","180","6.59","6.42","57.89","1.52","22.22","0","3","4.39","0","0.11","0","1.18","57.14","0","3.21","26.32","4.9","58.62","12.66","38.67","3.55","1.35","0.51","16.38","72.16","2.2","84.62","1.35","25","0.04","0","0.51","0.84","20","1.52","44.44","0.84","1.18","85.71"
"C. Barron","Scotland 1.","Rangers","RDMF, RCMF, DMF","23","1000000","2028-06-30","9","531","0","0.11","0","0.09","Scotland","right","175","8.31","6.78","52.5","2.2","53.85","0.34","7.09","1.19","0","0.02","0","0.68","25","0","1.36","25","1.19","42.86","4.92","27.59","0.68","0.85","0.51","43.9","88.03","10.34","81.97","2.88","58.82","0.02","0.17","0","6.1","83.33","2.03","66.67","1.19","5.59","78.79"
"P. Digby","Scotland 1.","Dundee","RCMF, DMF","30","350000","","7","531","0","0","0","0","England","right","193","8.14","4.92","62.07","2.71","43.75","0.51","4.67","0.17","0","0","0","0","0","0","0","0","0.34","50","1.02","83.33","0.34","0","0","20","83.05","4.75","53.57","1.53","55.56","0","0","0","2.71","75","0","0","0.34","3.05","38.89"
"A. Engels","Scotland 1.","Celtic","RCMF, LCMF","22","9000000","2028-06-30","10","530","1","1.27","1","1.35","Belgium","right","185","6.11","5.6","39.39","3.91","60.87","0","5.52","1.87","0","0.22","0","1.19","14.29","14.286","2.89","35.29","0.68","50","3.74","31.82","2.89","1.53","0","47.55","83.57","12.06","69.01","2.55","40","0.23","0.34","0.85","3.57","61.9","4.42","34.62","1.53","5.6","69.7"
"R. Muirhead","Scotland 1.","Livingston","CF, AMF, RAMF","29","250000","2026-05-31","8","527","1","2.42","1","1.35","Scotland","left","191","4.44","4.44","50","6.49","39.47","0.34","2.46","2.9","0","0.41","0","2.05","58.33","8.333","2.05","50","1.88","36.36","6.66","25.64","1.88","1.2","0.17","16.05","63.83","3.59","47.62","1.71","50","0.23","0","0.17","1.71","50","2.73","50","0.51","3.42","70"
"T. Klidjé","Scotland 1.","Hibernian","CF","24","0","2028-06-30","11","516","2","1.9","1","0.25","Togo","right","170","3.14","3.31","63.16","6.63","42.11","0","1.19","2.27","0.35","0.33","0","2.09","58.33","16.667","1.57","0","1.57","66.67","5.58","31.25","4.53","1.4","0","13.78","69.62","2.44","57.14","0.52","33.33","0.04","0.17","0.35","1.05","83.33","0.87","40","0.52","1.92","45.45"
"S. Tounekti","Scotland 1.","Celtic","LWF","23","600000","2030-05-31","7","516","1","0.58","0","1.54","Norway","right","170","3.31","4.01","52.17","2.09","33.33","0","2.12","8.2","0.17","0.1","0","1.4","25","12.5","5.06","55.17","10.12","48.28","17.62","33.66","9.07","9.77","0.7","44.65","85.16","9.94","80.7","0.87","80","0.27","0.17","2.27","0.87","60","3.84","72.73","4.19","4.71","88.89"
"T. Yengi","Scotland 1.","Livingston","LAMF, CF","24","400000","2026-05-31","10","512","0","1.81","0","0.12","Australia","right","197","6.86","6.15","51.43","7.73","47.73","0.18","4.81","3.87","0","0.32","0","1.41","62.5","0","1.41","25","3.69","71.43","13.36","36.84","2.46","1.76","0","23.2","70.45","5.98","52.94","1.58","33.33","0.02","0","0.18","1.76","40","1.23","71.43","0.35","4.22","41.67"
"N. Djiga","Scotland 1.","Rangers","RCB","22","2000000","2028-06-30","7","509","0","0","0","0","Burkina Faso","right","187","10.08","4.95","71.43","2.65","66.67","0.71","9.08","0","0","0","0","0","0","0","0","0","0","0","1.06","33.33","0.18","1.41","0","68.61","93.81","20.86","85.59","1.94","81.82","0","0","0","7.78","84.09","0","0","0.18","5.66","81.25"
"R. McGowan","Scotland 1.","Livingston","RCB","36","200000","2026-05-31","5","501","0","0.02","0","0.11","Australia","right","191","8.44","3.77","61.9","3.95","45.45","0.72","7.5","0.36","0","0","0","0.18","100","0","0","0","0.18","100","1.26","85.71","0.18","0.36","0","30.36","82.84","11.32","71.43","5.57","58.06","0.02","0","0","3.41","63.16","0.36","50","0.18","5.93","63.64"
"M. Diomandé","Scotland 1.","Rangers","LDMF, RCMF, LCMF","24","4000000","2028-06-30","8","490","0","0.26","0","0.08","Côte d'Ivoire","left","175","8.08","5.88","62.5","1.65","33.33","0.18","7.84","1.84","0","0.05","0","1.47","12.5","0","2.2","16.67","3.12","35.29","7.16","30.77","1.84","0.55","0","40.78","81.53","9.92","66.67","1.47","50","0.01","0.37","0","2.57","57.14","3.31","22.22","0.55","4.22","69.57"
"F. Lissah","Scotland 1.","Falkirk","LB, RCB","20","0","2027-06-30","6","478","0","0.02","0","0.52","England","right","0","11.49","10.92","58.62","7.34","43.59","0.38","6.92","2.26","0","0","0","0.19","100","0","1.51","12.5","3.01","62.5","5.84","54.84","0.56","2.45","0.56","35.77","73.16","16.19","58.14","7.15","50","0.1","0","0.19","7.15","47.37","2.64","35.71","0.75","9.41","62"
"M. Chaiwa","Scotland 1.","Hibernian","RCMF","21","0","2027-06-30","8","473","1","0.02","0","0.57","Zambia","right","181","9.13","6.66","42.86","2.85","66.67","0.19","7.25","1.14","0.19","0","0","0.19","100","100","0.19","100","1.33","57.14","9.7","50.98","0.38","1.14","0","29.87","85.35","7.42","71.79","3.42","55.56","0.11","0","0.19","2.85","60","1.9","90","1.14","4","71.43"
"C. Slattery","Scotland 1.","Motherwell","AMF","26","450000","2026-05-31","6","472","1","0.46","2","1.39","England","right","177","4.39","3.81","60","3.05","18.75","0.19","3.08","2.48","0.19","0.09","0","2.29","25","8.333","2.67","14.29","2.29","50","9.92","46.15","2.48","2.48","0.19","38.33","76.12","10.11","52.83","2.1","36.36","0.27","0.38","0.95","4","61.9","4","38.1","0.57","5.15","66.67"
"S. Arfield","Scotland 1.","Falkirk","AMF, LAMF","37","250000","","12","468","1","0.57","0","0.11","Scotland","left","178","5","4.42","43.48","3.08","37.5","0","4.04","1.35","0.19","0.11","0","1.73","44.44","11.111","0.77","0","0.77","50","2.12","27.27","3.27","0.96","0","22.69","75.42","6.92","63.89","1.35","28.57","0.02","0.19","0.38","2.5","30.77","0.38","50","1.15","3.08","37.5"
"M. Moore","Scotland 1.","Rangers","RAMF, LAMF, CF","18","0","","9","459","1","0.38","1","0.07","England","right","180","6.86","5.1","69.23","1.18","83.33","0","4.62","3.53","0.2","0.07","0","1.37","42.86","14.286","2.75","14.29","6.08","38.71","12.94","24.24","3.14","2.16","0.59","28.24","76.39","8.43","65.12","0.98","20","0.01","0.39","0.2","2.35","58.33","3.33","35.29","0.78","2.75","78.57"
"C. Jones","Scotland 1.","Dundee","RCMF, DMF","24","150000","2027-05-31","10","457","1","0.8","0","0.06","England","right","182","6.89","4.33","59.09","1.38","100","0.59","3.83","0.59","0","0.16","0","0.59","33.33","33.333","0.98","0","0.39","100","2.36","58.33","0.59","0.39","0","28.56","75.86","10.83","58.18","1.97","20","0.01","0","0.2","4.92","56","0.79","0","0","3.74","73.68"
"D. Polvara","Scotland 1.","Aberdeen","RCMF, LCMF","25","0","2026-05-31","9","451","0","0.55","0","0.09","United States","right","193","10.18","5.19","69.23","7.58","44.74","1","7.95","2","0","0.11","0","1","40","0","0.8","25","3.19","37.5","8.38","33.33","1.6","0.6","0.2","27.34","75.91","9.38","59.57","2.39","25","0.02","0.4","0.2","3.59","55.56","1.8","44.44","0.8","3.99","55"
"O. Antman","Scotland 1.","Rangers","RWF, RAMF, RW","24","1000000","2029-06-30","8","444","0","0.69","1","1.02","Finland","right","185","3.65","4.05","50","1.22","0","0","3.33","6.69","0","0.14","0","1.62","87.5","0","3.45","41.18","5.68","67.86","8.72","51.16","4.86","4.05","0.2","33.45","83.03","4.66","56.52","0.81","25","0.21","0","1.01","1.22","33.33","4.05","60","3.04","4.26","85.71"
"J. Rothwell","Scotland 1.","Rangers","DMF, RDMF, LDMF","30","2500000","2026-06-30","8","441","0","0.08","1","0.77","England","right","185","5.31","3.67","61.11","1.84","55.56","0.41","4.8","1.02","0","0.02","0","1.22","0","0","0.61","100","0.61","66.67","1.84","33.33","0.61","2.24","1.22","49.8","91.8","9.39","82.61","2.04","70","0.16","0","0.2","5.92","89.66","1.84","66.67","1.02","6.12","90"
"K. Nisbet","Scotland 1.","Aberdeen","CF","28","2500000","","8","437","0","0.68","0","0.64","Scotland","right","180","3.09","1.65","50","6.18","43.33","0.41","2.56","1.03","0","0.14","0","1.24","66.67","0","0.41","0","0.41","50","4.94","29.17","2.88","0.82","0","14","72.06","2.27","81.82","0.82","100","0.13","0","0.62","1.03","60","0.62","66.67","0.82","1.85","44.44"
"J. Forrest","Scotland 1.","Celtic","RWF, RB","34","1000000","2026-05-31","10","429","0","0.58","0","0.75","Scotland","right","175","2.1","1.68","62.5","0.63","33.33","0","1.41","6.29","0","0.12","0","1.47","28.57","0","5.66","22.22","6.08","68.97","12.17","55.17","4.62","4.41","0.42","43.64","81.25","7.55","77.78","0.21","100","0.16","0.42","1.05","2.94","100","5.03","58.33","3.15","7.34","94.29"
"T. Yogane","Scotland 1.","Dundee","LW, LWB, CF","20","0","2027-06-30","10","423","0","0.04","0","0.28","England","unknown","0","2.77","2.77","69.23","1.49","42.86","0","0.98","7.02","0","0.01","0","0.43","0","0","5.11","12.5","8.09","78.95","18.3","50","0.64","4.68","0.64","18.94","68.54","3.4","68.75","0.85","25","0.06","0","0.21","1.28","83.33","3.62","17.65","0.21","1.49","85.71"
"L. McCowan","Scotland 1.","Celtic","RCMF, LCMF","27","600000","2027-05-31","11","418","1","0.68","1","1.39","Scotland","left","177","4.95","6.03","53.57","2.15","40","0","3.53","5.6","0.22","0.15","0","2.15","20","10","3.44","37.5","4.09","89.47","9.47","47.73","3.44","1.08","0.22","46.72","81.11","13.35","70.97","1.94","77.78","0.3","0.43","0.86","6.89","78.13","4.52","61.9","1.94","6.67","90.32"
"D. Nlundulu","Scotland 1.","St. Mirren","CF","26","400000","2026-06-30","7","408","2","1.32","0","0.03","England","right","185","2.65","2.87","53.85","6.4","24.14","0.22","1.79","1.54","0.44","0.29","0.22","1.76","37.5","25","0.88","0","2.21","40","7.72","31.43","4.41","0.44","0","15.88","80.56","2.65","75","0.22","0","0.01","0","0.22","0.22","100","0.22","100","0","0.66","100"
"R. Charles-Cook","Scotland 1.","Motherwell","LAMF, LW, RAMF","28","0","2027-06-30","8","405","0","0.46","0","0.93","England","right","174","6.89","5.11","65.22","1.78","37.5","0.44","4.48","2.22","0","0.1","0","0.67","0","0","2.44","9.09","3.33","53.33","11.11","52","2.89","4.67","0.67","30.89","86.33","8","83.33","0.22","0","0.21","0.44","0.22","1.78","75","2.44","54.55","1.11","2.89","84.62"
"A. Hay","Scotland 1.","Dundee","CF","22","0","","9","404","0","0.41","1","0.34","England","unknown","0","4.23","0.89","100","8.47","50","0.45","3","0.89","0","0.09","0","1.34","16.67","0","0.89","25","0.67","66.67","2.9","23.08","2","1.11","0.22","8.69","61.54","2","44.44","0.45","50","0.08","0","0.22","0.89","25","0.45","0","0.22","1.34","33.33"
"N. Möller","Scotland 1.","Dundee United","CF","23","600000","2027-06-30","8","402","0","1.19","1","0.79","Sweden","right","194","3.58","2.69","50","10.75","50","0","1.94","1.34","0","0.27","0","2.01","55.56","0","0","0","0.22","100","4.93","9.09","4.03","0.9","0","14.1","71.43","4.48","75","0.67","33.33","0.18","0","0.9","1.12","60","0.9","75","0.9","0.9","50"
"M. Steinwender","Scotland 1.","Hearts","RB, RCB","25","300000","2026-12-31","10","401","0","0","0","0","Austria","right","190","7.18","4.71","52.38","4.49","45","0.45","7.97","1.12","0","0","0","0","0","0","1.12","0","0.67","100","1.35","66.67","1.57","0.67","0","49.38","81.36","23.12","74.76","3.82","23.53","0","0.45","0","7.41","72.73","0.9","0","0.22","11.22","72"
"C. Allan","Scotland 1.","Falkirk","RCB","21","0","","5","397","1","0.21","0","0","Scotland","right","0","7.71","4.99","72.73","4.76","23.81","0.91","5.48","0.68","0.23","0.05","0","0.23","100","100","0","0","0.45","100","1.13","60","0.23","1.13","0.45","41.94","90.27","18.36","81.48","4.76","47.62","0","0","0","3.17","42.86","0.23","100","0","4.99","86.36"
"C. Montaño","Scotland 1.","Livingston","LB, LCB","33","300000","","5","396","0","0.04","1","0.49","Colombia","left","180","10","7.5","75.76","3.64","62.5","0.68","4.9","1.59","0","0.01","0","0.45","50","0","3.41","26.67","0.68","66.67","3.41","46.67","1.14","2.27","0.45","34.55","65.79","21.14","67.74","8.18","52.78","0.11","0","0.23","9.09","57.5","3.41","40","0.91","11.82","61.54"
"Z. Clark","Scotland 1.","Hearts","GK","33","700000","","4","395","0","0","0","0","Scotland","right","191","0.68","0","0","0.23","100","0","1.08","0","0","0","0","0","0","0","0","0","0","0","0","0","0","0","0","11.39","80","8.43","75.68","7.97","77.14","0","0","0","2.73","75","0","0","0","6.61","82.76"
"M. Aarons","Scotland 1.","Rangers","RB, LB, LWB","25","16000000","","6","391","1","0.33","0","0.03","England","right","171","5.29","5.06","50","0.46","50","0.23","5.22","2.3","0.23","0.08","0","0.69","66.67","33.333","2.07","11.11","1.84","87.5","4.83","57.14","1.61","2.07","0.46","58.7","89.02","14.5","87.3","2.53","63.64","0.01","0","0","5.75","76","2.3","40","0.69","8.29","75"
"J. Smith","Scotland 1.","Hibernian","GK","30","125000","","4","388","0","0","0","0","England","left","183","3.48","0.23","0","0.7","100","0","5.84","0","0","0","0","0","0","0","0","0","0","0","0","0","0","0","0","18.56","93.75","9.97","90.7","5.1","77.27","0","0","0","1.86","87.5","0","0","0","4.64","85"
"K. Wilson","Scotland 1.","Falkirk","RAMF","20","0","","6","385","1","0.94","0","0.73","England","","0","8.88","9.35","52.5","1.17","20","0","5.86","2.34","0.23","0.22","0","1.87","37.5","12.5","3.04","23.08","3.74","18.75","10.75","15.22","2.81","2.81","0.47","26.18","64.29","7.71","60.61","1.64","14.29","0.17","0.47","0.47","2.81","33.33","3.97","35.29","1.64","3.51","46.67"
"B. Graham","Scotland 1.","Falkirk","CF, AMF","37","250000","2026-05-31","10","382","2","1.92","0","0.07","Scotland","right","188","3.53","2.36","90","10.84","52.17","0.24","2.07","2.12","0.24","0.45","0.24","1.41","66.67","33.333","0.94","25","1.41","66.67","7.07","36.67","3.3","0.24","0","13.66","51.72","4.01","41.18","1.65","42.86","0.02","0","0","1.18","20","1.88","62.5","1.18","2.12","44.44"
"N. Milanovic","Scotland 1.","Aberdeen","RAMF, RW, RWF","23","450000","2026-06-30","6","381","0","0.29","0","0.53","Australia","left","185","4.72","4.96","33.33","2.36","30","0","3.55","2.83","0","0.07","0","1.89","25","0","1.42","66.67","3.31","42.86","7.32","38.71","1.89","3.31","0.24","23.86","74.26","5.91","52","2.6","36.36","0.13","0","0.24","2.83","41.67","1.18","20","0","3.54","40"
"D. Levitt","Scotland 1.","Hibernian","LCMF, DMF","24","800000","2026-05-31","7","362","0","0.01","0","0.3","Wales","right","180","4.72","2.73","54.55","0.25","0","0","4.88","0.5","0","0","0","0.75","0","0","0.5","50","0.25","100","0.75","66.67","0.25","0.5","0","53.45","87.91","14.92","73.33","4.97","60","0.07","0.25","0.25","8.95","72.22","1.99","37.5","0.75","9.2","72.97"
"A. Dorrington","Scotland 1.","Aberdeen","RCB, LCB","20","500000","2029-06-30","6","361","0","0.12","0","0.22","England","right","0","10.72","7.98","65.63","1.75","57.14","0.75","6.3","0","0","0.03","0","0.25","0","0","0.75","0","0","0","0.75","66.67","0.25","1","0","43.88","78.41","16.45","60.61","8.23","39.39","0.06","0","0","5.98","50","1.25","0","0","8.23","66.67"
"M. Lazetić","Scotland 1.","Aberdeen","CF","21","1500000","","8","350","2","1.58","0","0","Serbia","right","192","2.31","3.6","28.57","1.8","28.57","0","0.66","1.8","0.51","0.41","0","2.31","33.33","22.222","0","0","2.83","36.36","11.83","30.43","2.31","1.8","0.26","7.97","64.52","2.06","50","0","0","0","0","0","0.51","50","0.26","0","0","1.03","50"
"M. Saracchi","Scotland 1.","Celtic","LB","27","1300000","2027-12-31","6","350","0","0.13","1","0.5","Uruguay","left","172","10.03","9","65.71","2.83","63.64","0","7.38","4.89","0","0.03","0","1.29","40","0","5.91","60.87","1.29","60","3.34","53.85","3.09","3.86","0.26","77.66","84.77","27","76.19","4.37","41.18","0.13","0.26","0.77","13.37","78.85","7.2","50","1.03","14.91","86.21"
"E. Gyamfi","Scotland 1.","Aberdeen","LB, LWB","21","200000","2029-05-31","5","347","1","0.46","0","0.06","Germany","left","178","5.97","7.52","62.07","2.33","44.44","0.26","1.74","1.3","0.26","0.12","0","1.04","50","25","1.82","14.29","2.85","18.18","7.78","16.67","0.78","1.3","0.26","28.79","81.98","6.48","68","1.56","66.67","0.02","0","0.26","1.3","60","1.3","20","0","2.33","66.67"
"J. Hoilett","Scotland 1.","Hibernian","AMF, CF, LWF","35","150000","","9","346","2","1.61","1","0.6","Canada","right","174","4.68","4.16","68.75","3.12","41.67","0","2.57","3.9","0.52","0.42","0.26","2.86","63.64","18.182","1.56","33.33","2.34","44.44","11.45","27.27","4.68","1.3","0","30.95","83.19","8.06","77.42","0.52","0","0.16","0.52","0.78","3.12","58.33","2.34","66.67","1.3","4.68","66.67"
"Y. Dhanda","Scotland 1.","Dundee","LW, CF, LCMF","26","1000000","2027-05-31","6","344","0","0.37","0","0.3","England","right","173","5.76","4.71","61.11","2.09","37.5","0.26","2.57","2.09","0","0.1","0","1.57","16.67","0","3.92","26.67","2.88","27.27","10.73","21.95","0.26","2.09","0.52","41.6","77.36","11.51","65.91","2.62","50","0.08","0","0.78","6.28","58.33","4.45","29.41","0.26","6.54","80"
"D. Daniels","Scotland 1.","Kilmarnock","CF, LW","23","100000","","7","341","2","1.23","0","0","Netherlands","left","190","6.6","6.86","53.85","3.43","38.46","0","2.73","1.06","0.53","0.32","0","1.85","42.86","28.571","0","0","0.26","100","7.39","21.43","2.64","0.79","0.26","15.04","82.46","2.64","60","0.53","50","0","0","0","1.58","66.67","0.79","100","0.79","2.11","75"
"R. Idowu","Scotland 1.","St. Mirren","LCMF, CF","23","50000","2026-06-30","7","332","0","0.2","0","0.11","Republic of Ireland","right","183","8.13","6.51","62.5","1.63","16.67","0.27","3.86","1.63","0","0.05","0","0.54","0","0","1.63","0","2.71","60","8.13","40","1.36","1.9","0","22.5","79.52","5.96","77.27","1.08","50","0.03","0","0","2.71","80","1.08","50","0.81","4.07","53.33"
"L. Clarkson","Scotland 1.","Aberdeen","LCMF, RDMF, RCMF","24","1000000","2027-05-31","7","329","0","0.55","0","0.64","England","right","175","4.38","5.74","52.38","0.27","0","0","1.13","0.82","0","0.15","0","1.09","25","0","1.37","0","1.37","40","1.91","57.14","1.64","1.37","0","44.32","77.78","16.69","62.3","7.39","44.44","0.17","0","0","10.12","62.16","2.19","37.5","1.09","7.11","73.08"
"A. Agyeman","Scotland 1.","Falkirk","RAMF, LAMF","25","0","","12","328","0","0.22","0","0.44","Scotland","","0","8.23","9.33","64.71","4.66","17.65","0","3.29","5.49","0","0.06","0","1.65","33.33","0","4.12","20","6.86","60","15.64","43.86","2.2","3.29","1.1","18.66","63.24","4.66","58.82","1.37","20","0.12","0","0","1.37","60","3.29","41.67","0.27","2.74","70"
"B. Spittal","Scotland 1.","Hearts","LCMF, LW, RW","29","850000","2027-05-31","7","321","0","0.09","0","0.24","Scotland","right","184","6.17","4.49","56.25","3.08","45.45","0","5.16","1.4","0","0.03","0","0.84","33.33","0","2.8","10","0.84","0","3.08","36.36","1.12","0.56","0","45.42","69.75","17.94","56.25","6.73","33.33","0.07","0.84","0.28","8.97","50","5.33","36.84","1.68","8.69","77.42"
"J. Brandon","Scotland 1.","Kilmarnock","RB, RWB","27","225000","2027-05-31","5","320","0","0.18","0","0","Scotland","right","176","13.78","10.97","69.23","3.09","45.45","0.28","6.2","2.25","0","0.05","0","0.84","0","0","2.25","50","1.97","42.86","4.5","50","1.13","1.69","0","31.78","67.26","12.66","46.67","3.66","38.46","0","0.28","0","5.34","57.89","3.38","41.67","0.56","8.44","70"
"J. Kenny","Scotland 1.","Celtic","CF","22","175000","2026-05-31","7","319","4","3.66","0","0","Republic of Ireland","right","177","1.41","1.97","14.29","5.08","33.33","0","2.22","1.69","1.13","1.03","0.28","3.67","30.77","30.769","0.28","0","1.13","50","5.08","33.33","4.51","1.13","0.28","12.41","63.64","2.82","60","0","0","0","0","0","1.13","25","1.13","75","1.13","1.97","28.57"
"Danilo","Scotland 1.","Rangers","CF, AMF","26","6000000","2028-05-31","6","318","2","0.98","0","0.14","Brazil","right","174","1.7","1.7","33.33","1.42","20","0","2.22","1.7","0.57","0.28","0.28","2.26","50","25","0.28","0","1.7","33.33","3.68","30.77","3.68","0.57","0","18.4","75.38","3.4","50","0.28","100","0.04","0","0.57","1.42","80","1.7","50","0.85","2.26","62.5"
"C. McMenamin","Scotland 1.","St. Mirren","RWB, CF, LCMF","30","150000","","7","316","0","0.01","0","0.46","Northern Ireland","left","182","8.26","5.7","40","2.28","50","0.28","9.84","3.99","0","0","0","0.57","0","0","5.41","36.84","4.84","41.18","9.97","37.14","1.14","1.42","0.28","30.76","72.22","10.82","76.32","3.99","57.14","0.13","0","0.57","4.27","73.33","5.7","50","1.14","10.25","75"
"S. Lawal","Scotland 1.","Livingston","RB, AMF","21","0","","5","304","0","0","0","0","Nigeria","right","172","7.99","7.11","50","2.96","30","0","5.36","1.48","0","0","0","0","0","0","1.18","25","1.48","80","6.22","38.1","0.3","1.48","0","29.9","76.24","14.21","58.33","4.44","33.33","0","0","0","5.63","63.16","1.18","50","0.59","6.81","56.52"
"S. Nilsen","Scotland 1.","Aberdeen","LDMF, DMF","34","450000","2027-06-30","5","301","0","0","0","0","Norway","right","185","7.77","5.08","47.06","5.08","29.41","0.3","6.8","0.6","0","0","0","0","0","0","0.6","50","0.6","50","3.59","41.67","0.6","0","0","46.64","81.41","16.45","69.09","2.39","50","0","0","0","6.58","72.73","0.9","33.33","0","7.18","54.17"
"J. Campbell","Scotland 1.","Hibernian","LCMF, AMF, RCMF","25","900000","","11","296","0","0.85","0","0","Scotland","right","182","5.78","3.34","63.64","6.08","35","0.3","4","0.61","0","0.26","0","2.13","28.57","0","1.22","0","0.3","0","5.17","35.29","3.04","0.61","0","24.02","74.68","7.3","58.33","2.43","37.5","0","0","0.3","2.74","66.67","0.91","33.33","0.3","3.34","45.45"
"E. Beach","Scotland 1.","Kilmarnock","GK","22","250000","2027-05-31","3","290","0","0","0","0","England","right","196","2.17","0.31","100","0.31","100","0","1.8","0","0","0","0","0","0","0","0","0","0","0","0","0","0","0","0","13.66","65.91","10.24","57.58","9.31","56.67","0","0","0","5.28","52.94","0.31","0","0","7.45","70.83"
"Z. Williams","Scotland 1.","Kilmarnock","LCB","21","0","2026-05-31","5","279","0","0","0","0","Wales","left","182","10.65","4.52","64.29","2.26","57.14","0.97","7.67","0","0","0","0","0","0","0","0.32","0","0","0","0.65","50","0.32","0.65","0","35.16","77.98","16.13","56","7.1","50","0","0","0","6.77","52.38","0.97","0","0","8.39","69.23"
"K. Iheanacho","Scotland 1.","Celtic","CF, RWF","29","12000000","2026-06-30","4","278","2","3.25","0","0.02","Nigeria","left","185","1.94","0.97","0","3.88","25","0","3.26","2.91","0","1.05","0","4.86","26.67","13.333","0.32","0","1.94","83.33","4.53","42.86","6.15","0","0","11.33","77.14","1.29","100","0.32","100","0.01","0","0.32","0.65","100","0.97","66.67","1.29","1.29","75"
"S. Blaney","Scotland 1.","Livingston","RCB, LCB","26","300000","","5","276","0","0","0","0","Republic of Ireland","left","190","6.52","3.59","90.91","3.26","30","0.33","4.41","0","0","0","0","0","0","0","0","0","0","0","0.65","50","0.33","0.33","0","35.54","80.73","15","60.87","8.15","48","0","0","0","3.91","25","0","0","0","6.52","55"
"E. Acquah","Scotland 1.","Dundee","CF","25","325000","","8","275","0","0.05","0","0","England","right","191","4.25","4.91","53.33","11.78","41.67","0.33","1.85","0.65","0","0.02","0","0.33","0","0","0.65","0","1.64","40","15.71","33.33","0.98","1.31","0","13.75","66.67","3.6","27.27","0.65","50","0","0","0","2.95","22.22","1.64","40","0.65","1.31","50"
"R. McKenzie","Scotland 1.","Kilmarnock","LCMF, DMF","32","350000","","8","273","0","0","0","0","Scotland","right","175","5.6","7.25","59.09","2.31","28.57","0","1.41","0.33","0","0","0","0.33","0","0","0.66","0","0.99","33.33","3.96","41.67","0.33","0.33","0","19.12","77.59","7.25","59.09","1.65","20","0","0","0","2.97","55.56","0.99","0","0","2.97","44.44"
"Youssef Chermiti","Scotland 1.","Rangers","CF","21","0","2027-06-30","7","273","1","0.28","1","0.22","Portugal","right","192","2.64","4.95","40","8.24","44","0","0.67","2.64","0.33","0.09","0","1.65","60","20","0.66","50","2.64","50","9.89","30","3.63","0.99","0","15.82","89.58","1.32","50","0.66","100","0.07","0","0.33","1.32","75","0.99","66.67","0.66","0.66","100"
"J. Brenet","Scotland 1.","Livingston","RB","31","3500000","","3","273","0","0.01","0","0","Netherlands","right","181","10.22","8.9","62.96","1.65","40","0.33","5.6","0.66","0","0","0","0.33","0","0","1.32","25","0.33","100","2.31","71.43","0","1.65","0.33","45.16","78.83","20.77","66.67","6.26","52.63","0","0","0","8.24","76","1.32","25","0.33","9.89","63.33"
"A. Palaversa","Scotland 1.","Aberdeen","RCMF, RDMF, LCMF","25","350000","2027-05-31","5","263","0","0.13","1","0.12","Croatia","right","187","8.21","8.56","44","2.74","50","0.68","4.8","0.68","0","0.04","0","1.03","33.33","0","0","0","0.68","50","3.08","55.56","0.34","0.34","0","39.01","84.21","14.03","70.73","4.11","50","0.04","0.34","0.34","9.24","66.67","0.68","100","1.03","8.9","69.23"
"D. Naamo","Scotland 1.","Dundee United","LWB, RB, RWF","20","0","2026-12-31","9","262","0","0.11","0","0.05","Finland","right","174","9.27","9.96","58.62","2.75","37.5","0","5.36","1.03","0","0.04","0","0.34","0","0","0.34","0","2.4","42.86","5.5","25","1.03","0.69","0","18.21","67.92","8.59","48","1.72","0","0.02","0.34","0.34","2.4","57.14","0.34","0","0.69","4.12","25"
"M. Balikwisha","Scotland 1.","Celtic","LWF, RWF","24","9000000","2026-06-30","7","261","0","0.11","1","0.48","Belgium","right","178","4.83","4.83","57.14","1.38","75","0","4","2.07","0","0.04","0","0.34","100","0","2.07","33.33","1.38","75","7.93","47.83","3.1","1.03","0","35.52","88.35","8.28","66.67","0.34","100","0.16","0","0.34","2.41","100","3.45","50","1.38","5.86","76.47"
"T. Lowery","Scotland 1.","Kilmarnock","LCMF, DMF, RCMF","27","150000","","4","254","0","0.07","0","0","England","right","168","8.15","6.38","66.67","4.25","75","0","4.13","1.42","0","0.03","0","0.35","0","0","0.71","50","1.06","100","3.19","66.67","0.35","0","0","31.54","83.15","8.5","66.67","2.48","42.86","0","0","0","3.54","50","1.42","50","0.35","4.25","66.67"
"J. Eskesen","Scotland 1.","Dundee United","AMF, LWF, RCMF","26","650000","","7","249","0","0.08","0","0.08","Denmark","right","175","6.51","8.67","41.67","1.81","20","0.36","2.69","1.45","0","0.03","0","1.08","0","0","1.81","20","1.81","60","4.7","46.15","3.61","0.36","0","26.02","73.61","6.87","57.89","0.72","100","0.03","0","0.36","2.89","50","2.17","66.67","0.72","3.98","54.55"
"F. Kent","Scotland 1.","Hearts","RCB","29","1200000","2026-05-31","4","247","0","0.21","0","0.07","England","right","188","6.56","6.92","73.68","6.19","70.59","0","1.8","0.36","0","0.08","0","0.73","0","0","0.73","0","0.36","100","1.82","60","1.09","1.09","0","48.83","89.55","20.77","85.96","6.92","57.89","0.02","0","0","7.65","80.95","1.82","60","1.09","9.47","84.62"
"B. Koumetio","Scotland 1.","Dundee","LCB","22","500000","2026-05-31","6","247","0","0","0","0","France","left","195","5.83","1.82","60","6.56","72.22","0.36","5.71","0.36","0","0","0","0","0","0","0.36","0","0.36","100","1.82","40","0.36","0.36","0","42.63","80.34","14.21","61.54","2.91","12.5","0","0","0","4.01","36.36","0.36","0","0","6.56","50"
"A. Trusty","Scotland 1.","Celtic","RCB, LCB","27","7000000","","4","246","0","0","0","0","United States","left","191","5.49","1.46","75","8.05","72.73","0.73","9","0.73","0","0","0","0","0","0","0.37","100","0.37","100","0.73","50","0","1.1","0","89.63","97.14","30","92.68","2.56","85.71","0","0","0","13.54","94.59","0","0","0","9.15","100"
"G. Molloy","Scotland 1.","Aberdeen","LWB, LB","24","0","","4","244","0","0.38","0","0","Republic of Ireland","left","0","9.59","6.64","72.22","4.8","53.85","0.37","5.65","1.48","0","0.14","0","0.37","0","0","3.69","20","0.74","100","2.95","50","1.48","0","0","27.3","70.27","9.96","62.96","2.21","33.33","0","0","0","1.84","60","3.32","11.11","0.37","4.8","46.15"
"C. McLennan","Scotland 1.","Livingston","LAMF, LWF, CF","26","250000","","7","231","0","0.15","0","0.08","Scotland","right","181","5.84","6.62","47.06","2.34","66.67","0","3.33","2.73","0","0.06","0","1.17","0","0","3.51","22.22","3.51","55.56","7.79","45","1.56","1.17","0","19.48","64","5.84","46.67","1.56","0","0.03","0","0","1.95","60","4.29","36.36","0","3.51","44.44"
"C. Hendry","Scotland 1.","Motherwell","CF","27","325000","","6","230","0","2.33","0","0","England","right","176","4.3","3.13","62.5","6.26","43.75","0","2.93","2.35","0","0.91","0","3.91","20","0","1.17","0","2.35","66.67","7.83","45","4.7","0.78","0","19.57","70","1.96","60","0.78","50","0","0","0","2.35","33.33","0.39","0","0","1.57","75"
"S. Tiffoney","Scotland 1.","Kilmarnock","CF, LWF, RWF","27","400000","","5","229","0","0.08","1","0.42","Scotland","right","176","1.18","1.97","20","2.36","33.33","0","0.9","4.32","0","0.03","0","1.18","0","0","4.72","25","5.11","61.54","14.15","47.22","3.93","2.75","0.79","22.01","62.5","7.86","70","0","0","0.16","0","0.79","2.36","50","4.32","45.45","0.39","3.93","80"
"L. Donnelly","Scotland 1.","St. Mirren","DMF, LCMF","29","350000","","4","215","0","0.07","0","0.06","Northern Ireland","right","181","8.37","8.79","52.38","2.51","83.33","0","5.11","0.42","0","0.03","0","1.26","33.33","0","0","0","0","0","2.51","83.33","0.84","0","0","38.09","72.53","15.49","45.95","8.37","35","0.03","0","0","8.37","55","1.26","0","0","7.53","66.67"
"E. Ross","Scotland 1.","Falkirk","LAMF, AMF","24","250000","","5","213","1","0.19","0","0.32","Scotland","right","173","4.65","5.92","35.71","2.54","0","0","2.78","2.54","0.42","0.08","0","1.69","50","25","0.42","0","2.96","57.14","6.76","43.75","1.27","3.38","0.85","19.01","88.89","5.07","83.33","0","0","0.13","0","0.42","1.27","100","1.69","75","1.69","1.27","100"
"C. Donovan","Scotland 1.","Celtic","RB","19","0","","3","210","0","0.16","0","0.18","Scotland","","0","7.29","5.14","41.67","4.71","81.82","0.43","10.91","1.71","0","0.07","0","1.29","0","0","4.71","18.18","0.86","100","2.57","33.33","1.71","4.71","0","53.57","72","19.71","54.35","4.29","20","0.08","0.43","0.43","6.43","60","4.71","9.09","0.43","9","52.38"
"Yang Hyun-Jun","Scotland 1.","Celtic","RWF, LWF","23","2000000","2028-05-31","5","209","0","0.74","0","0.53","Korea Republic","right","179","2.15","2.58","66.67","1.29","33.33","0","0","5.6","0","0.32","0","2.15","40","0","4.74","27.27","6.03","57.14","9.9","47.83","6.03","3.01","0","41.77","82.47","5.6","76.92","1.29","33.33","0.23","0","0.86","1.72","75","3.44","62.5","2.15","3.44","100"
"P. Kabore","Scotland 1.","Hearts","CF, RW, LAMF","24","0","2028-05-31","4","209","2","1.75","0","0.08","Burkina Faso","","180","6.03","3.88","66.67","6.46","40","0","6.32","3.88","0.86","0.75","0","3.88","33.33","22.222","1.29","33.33","2.15","100","7.32","47.06","4.74","0.43","0","20.24","70.21","3.88","55.56","2.58","50","0.04","0","0.43","1.72","75","0.43","100","0.43","3.01","57.14"
"L. Cameron","Scotland 1.","Rangers","RCMF, LCMF, DMF","23","600000","","4","204","0","0.72","0","0.02","Scotland","right","180","6.62","4.41","50","1.76","25","0.44","8.28","2.21","0","0.32","0","1.76","25","0","2.65","0","3.53","50","5.29","33.33","3.97","1.32","0","49.85","82.3","11.91","74.07","2.21","20","0.01","0","0","4.85","72.73","2.65","33.33","0.88","3.97","66.67"
"K. Yengi","Scotland 1.","Aberdeen","CF","26","375000","","4","202","0","0.54","0","0.03","Australia","right","190","1.78","3.12","42.86","12.03","18.52","0","0.57","0.89","0","0.24","0","1.34","0","0","0.45","0","1.34","66.67","6.24","28.57","4.01","0","0","8.91","60","1.34","0","0","0","0.02","0","0","0.89","0","0","0","0","0.45","0"
